Date,HomeTeam,AwayTeam,HomeGoals,AwayGoals,Outcome
2015-08-08T11:45:00+00:00,Manchester United,Tottenham,1,0,1
2015-08-08T14:00:00+00:00,Bournemouth,Aston Villa,0,1,2
2015-08-08T14:00:00+00:00,Norwich,Crystal Palace,1,3,2
2015-08-08T14:00:00+00:00,Leicester,Sunderland,4,2,1
2015-08-08T14:00:00+00:00,Everton,Watford,2,2,0
2015-08-08T16:30:00+00:00,Chelsea,Swansea,2,2,0
2015-08-09T12:30:00+00:00,Newcastle,Southampton,2,2,0
2015-08-09T12:30:00+00:00,Arsenal,West Ham,0,2,2
2015-08-09T15:00:00+00:00,Stoke City,Liverpool,0,1,2
2015-08-10T19:00:00+00:00,West Brom,Manchester City,0,3,2
2015-08-14T18:45:00+00:00,Aston Villa,Manchester United,0,1,2
2015-08-15T11:45:00+00:00,Southampton,Everton,0,3,2
2015-08-15T14:00:00+00:00,West Ham,Leicester,1,2,2
2015-08-15T14:00:00+00:00,Swansea,Newcastle,2,0,1
2015-08-15T14:00:00+00:00,Sunderland,Norwich,1,3,2
2015-08-15T14:00:00+00:00,Tottenham,Stoke City,2,2,0
2015-08-15T14:00:00+00:00,Watford,West Brom,0,0,0
2015-08-16T12:30:00+00:00,Crystal Palace,Arsenal,1,2,2
2015-08-16T15:00:00+00:00,Manchester City,Chelsea,3,0,1
2015-08-17T19:00:00+00:00,Liverpool,Bournemouth,1,0,1
2015-08-22T11:45:00+00:00,Manchester United,Newcastle,0,0,0
2015-08-22T14:00:00+00:00,Crystal Palace,Aston Villa,2,1,1
2015-08-22T14:00:00+00:00,West Ham,Bournemouth,3,4,2
2015-08-22T14:00:00+00:00,Norwich,Stoke City,1,1,0
2015-08-22T14:00:00+00:00,Sunderland,Swansea,1,1,0
2015-08-22T14:00:00+00:00,Leicester,Tottenham,1,1,0
2015-08-23T12:30:00+00:00,West Brom,Chelsea,2,3,2
2015-08-23T15:00:00+00:00,Everton,Manchester City,0,2,2
2015-08-23T15:00:00+00:00,Watford,Southampton,0,0,0
2015-08-24T19:00:00+00:00,Arsenal,Liverpool,0,0,0
2015-08-29T11:45:00+00:00,Newcastle,Arsenal,0,1,2
2015-08-29T14:00:00+00:00,Chelsea,Crystal Palace,1,2,2
2015-08-29T14:00:00+00:00,Bournemouth,Leicester,1,1,0
2015-08-29T14:00:00+00:00,Aston Villa,Sunderland,2,2,0
2015-08-29T14:00:00+00:00,Manchester City,Watford,2,0,1
2015-08-29T14:00:00+00:00,Stoke City,West Brom,0,1,2
2015-08-29T14:00:00+00:00,Liverpool,West Ham,0,3,2
2015-08-29T16:30:00+00:00,Tottenham,Everton,0,0,0
2015-08-30T12:30:00+00:00,Southampton,Norwich,3,0,1
2015-08-30T15:00:00+00:00,Swansea,Manchester United,2,1,1
2015-09-12T11:45:00+00:00,Everton,Chelsea,3,1,1
2015-09-12T14:00:00+00:00,Norwich,Bournemouth,3,1,1
2015-09-12T14:00:00+00:00,Crystal Palace,Manchester City,0,1,2
2015-09-12T14:00:00+00:00,West Brom,Southampton,0,0,0
2015-09-12T14:00:00+00:00,Arsenal,Stoke City,2,0,1
2015-09-12T14:00:00+00:00,Watford,Swansea,1,0,1
2015-09-12T16:30:00+00:00,Manchester United,Liverpool,3,1,1
2015-09-13T12:30:00+00:00,Sunderland,Tottenham,0,1,2
2015-09-13T15:00:00+00:00,Leicester,Aston Villa,3,2,1
2015-09-14T19:00:00+00:00,West Ham,Newcastle,2,0,1
2015-09-19T11:45:00+00:00,Chelsea,Arsenal,2,0,1
2015-09-19T14:00:00+00:00,Swansea,Everton,0,0,0
2015-09-19T14:00:00+00:00,Stoke City,Leicester,2,2,0
2015-09-19T14:00:00+00:00,Bournemouth,Sunderland,2,0,1
2015-09-19T14:00:00+00:00,Newcastle,Watford,1,2,2
2015-09-19T14:00:00+00:00,Aston Villa,West Brom,0,1,2
2015-09-19T16:30:00+00:00,Manchester City,West Ham,1,2,2
2015-09-20T12:30:00+00:00,Tottenham,Crystal Palace,1,0,1
2015-09-20T15:00:00+00:00,Southampton,Manchester United,2,3,2
2015-09-20T15:00:00+00:00,Liverpool,Norwich,1,1,0
2015-09-26T11:45:00+00:00,Tottenham,Manchester City,4,1,1
2015-09-26T14:00:00+00:00,Leicester,Arsenal,2,5,2
2015-09-26T14:00:00+00:00,Liverpool,Aston Villa,3,2,1
2015-09-26T14:00:00+00:00,Stoke City,Bournemouth,2,1,1
2015-09-26T14:00:00+00:00,West Ham,Norwich,2,2,0
2015-09-26T14:00:00+00:00,Manchester United,Sunderland,3,0,1
2015-09-26T14:00:00+00:00,Southampton,Swansea,3,1,1
2015-09-26T16:30:00+00:00,Newcastle,Chelsea,2,2,0
2015-09-27T15:00:00+00:00,Watford,Crystal Palace,0,1,2
2015-09-28T19:00:00+00:00,West Brom,Everton,2,3,2
2015-10-03T11:45:00+00:00,Crystal Palace,West Brom,2,0,1
2015-10-03T14:00:00+00:00,Norwich,Leicester,1,2,2
2015-10-03T14:00:00+00:00,Manchester City,Newcastle,6,1,1
2015-10-03T14:00:00+00:00,Aston Villa,Stoke City,0,1,2
2015-10-03T14:00:00+00:00,Bournemouth,Watford,1,1,0
2015-10-03T14:00:00+00:00,Sunderland,West Ham,2,2,0
2015-10-03T16:30:00+00:00,Chelsea,Southampton,1,3,2
2015-10-04T12:30:00+00:00,Everton,Liverpool,1,1,0
2015-10-04T15:00:00+00:00,Arsenal,Manchester United,3,0,1
2015-10-04T15:00:00+00:00,Swansea,Tottenham,2,2,0
2015-10-17T11:45:00+00:00,Tottenham,Liverpool,0,0,0
2015-10-17T14:00:00+00:00,Chelsea,Aston Villa,2,0,1
2015-10-17T14:00:00+00:00,Manchester City,Bournemouth,5,1,1
2015-10-17T14:00:00+00:00,Southampton,Leicester,2,2,0
2015-10-17T14:00:00+00:00,Everton,Manchester United,0,3,2
2015-10-17T14:00:00+00:00,West Brom,Sunderland,1,0,1
2015-10-17T14:00:00+00:00,Crystal Palace,West Ham,1,3,2
2015-10-17T16:30:00+00:00,Watford,Arsenal,0,3,2
2015-10-18T15:00:00+00:00,Newcastle,Norwich,6,2,1
2015-10-19T19:00:00+00:00,Swansea,Stoke City,0,1,2
2015-10-24T14:00:00+00:00,West Ham,Chelsea,2,1,1
2015-10-24T14:00:00+00:00,Leicester,Crystal Palace,1,0,1
2015-10-24T14:00:00+00:00,Aston Villa,Swansea,1,2,2
2015-10-24T14:00:00+00:00,Stoke City,Watford,0,2,2
2015-10-24T14:00:00+00:00,Norwich,West Brom,0,1,2
2015-10-24T16:30:00+00:00,Arsenal,Everton,2,1,1
2015-10-25T11:00:00+00:00,Sunderland,Newcastle,3,0,1
2015-10-25T13:05:00+00:00,Manchester United,Manchester City,0,0,0
2015-10-25T13:05:00+00:00,Bournemouth,Tottenham,1,5,2
2015-10-25T15:15:00+00:00,Liverpool,Southampton,1,1,0
2015-10-31T12:45:00+00:00,Chelsea,Liverpool,1,3,2
2015-10-31T15:00:00+00:00,Swansea,Arsenal,0,3,2
2015-10-31T15:00:00+00:00,West Brom,Leicester,2,3,2
2015-10-31T15:00:00+00:00,Crystal Palace,Manchester United,0,0,0
2015-10-31T15:00:00+00:00,Manchester City,Norwich,2,1,1
2015-10-31T15:00:00+00:00,Newcastle,Stoke City,0,0,0
2015-10-31T15:00:00+00:00,Watford,West Ham,2,0,1
2015-11-01T13:30:00+00:00,Everton,Sunderland,6,2,1
2015-11-01T16:00:00+00:00,Southampton,Bournemouth,2,0,1
2015-11-02T20:00:00+00:00,Tottenham,Aston Villa,3,1,1
2015-11-07T12:45:00+00:00,Bournemouth,Newcastle,0,1,2
2015-11-07T15:00:00+00:00,West Ham,Everton,1,1,0
2015-11-07T15:00:00+00:00,Sunderland,Southampton,0,1,2
2015-11-07T15:00:00+00:00,Norwich,Swansea,1,0,1
2015-11-07T15:00:00+00:00,Leicester,Watford,2,1,1
2015-11-07T15:00:00+00:00,Manchester United,West Brom,2,0,1
2015-11-07T17:30:00+00:00,Stoke City,Chelsea,1,0,1
2015-11-08T13:30:00+00:00,Aston Villa,Manchester City,0,0,0
2015-11-08T16:00:00+00:00,Liverpool,Crystal Palace,1,2,2
2015-11-08T16:00:00+00:00,Arsenal,Tottenham,1,1,0
2015-11-21T12:45:00+00:00,Watford,Manchester United,1,2,2
2015-11-21T15:00:00+00:00,West Brom,Arsenal,2,1,1
2015-11-21T15:00:00+00:00,Everton,Aston Villa,4,0,1
2015-11-21T15:00:00+00:00,Swansea,Bournemouth,2,2,0
2015-11-21T15:00:00+00:00,Newcastle,Leicester,0,3,2
2015-11-21T15:00:00+00:00,Chelsea,Norwich,1,0,1
2015-11-21T15:00:00+00:00,Southampton,Stoke City,0,1,2
2015-11-21T17:30:00+00:00,Manchester City,Liverpool,1,4,2
2015-11-22T16:00:00+00:00,Tottenham,West Ham,4,1,1
2015-11-23T20:00:00+00:00,Crystal Palace,Sunderland,0,1,2
2015-11-28T15:00:00+00:00,Bournemouth,Everton,3,3,0
2015-11-28T15:00:00+00:00,Crystal Palace,Newcastle,5,1,1
2015-11-28T15:00:00+00:00,Manchester City,Southampton,3,1,1
2015-11-28T15:00:00+00:00,Sunderland,Stoke City,2,0,1
2015-11-28T15:00:00+00:00,Aston Villa,Watford,2,3,2
2015-11-28T17:30:00+00:00,Leicester,Manchester United,1,1,0
2015-11-29T12:00:00+00:00,Tottenham,Chelsea,0,0,0
2015-11-29T14:05:00+00:00,West Ham,West Brom,1,1,0
2015-11-29T16:15:00+00:00,Norwich,Arsenal,1,1,0
2015-11-29T16:15:00+00:00,Liverpool,Swansea,1,0,1
2015-12-05T12:45:00+00:00,Stoke City,Manchester City,2,0,1
2015-12-05T15:00:00+00:00,Southampton,Aston Villa,1,1,0
2015-12-05T15:00:00+00:00,Swansea,Leicester,0,3,2
2015-12-05T15:00:00+00:00,Watford,Norwich,2,0,1
2015-12-05T15:00:00+00:00,Arsenal,Sunderland,3,1,1
2015-12-05T15:00:00+00:00,West Brom,Tottenham,1,1,0
2015-12-05T15:00:00+00:00,Manchester United,West Ham,0,0,0
2015-12-05T17:30:00+00:00,Chelsea,Bournemouth,0,1,2
2015-12-06T16:00:00+00:00,Newcastle,Liverpool,2,0,1
2015-12-07T20:00:00+00:00,Everton,Crystal Palace,1,1,0
2015-12-12T12:45:00+00:00,Norwich,Everton,1,1,0
2015-12-12T15:00:00+00:00,Crystal Palace,Southampton,1,0,1
2015-12-12T15:00:00+00:00,West Ham,Stoke City,0,0,0
2015-12-12T15:00:00+00:00,Manchester City,Swansea,2,1,1
2015-12-12T15:00:00+00:00,Sunderland,Watford,0,1,2
2015-12-12T17:30:00+00:00,Bournemouth,Manchester United,2,1,1
2015-12-13T13:30:00+00:00,Aston Villa,Arsenal,0,2,2
2015-12-13T16:00:00+00:00,Tottenham,Newcastle,1,2,2
2015-12-13T16:00:00+00:00,Liverpool,West Brom,2,2,0
2015-12-14T20:00:00+00:00,Leicester,Chelsea,2,1,1
2015-12-19T15:00:00+00:00,West Brom,Bournemouth,1,2,2
2015-12-19T15:00:00+00:00,Stoke City,Crystal Palace,1,2,2
2015-12-19T15:00:00+00:00,Everton,Leicester,2,3,2
2015-12-19T15:00:00+00:00,Manchester United,Norwich,1,2,2
2015-12-19T15:00:00+00:00,Chelsea,Sunderland,3,1,1
2015-12-19T15:00:00+00:00,Southampton,Tottenham,0,2,2
2015-12-19T17:30:00+00:00,Newcastle,Aston Villa,1,1,0
2015-12-20T13:30:00+00:00,Watford,Liverpool,3,0,1
2015-12-20T16:00:00+00:00,Swansea,West Ham,0,0,0
2015-12-21T20:00:00+00:00,Arsenal,Manchester City,2,1,1
2015-12-26T12:45:00+00:00,Stoke City,Manchester United,2,0,1
2015-12-26T15:00:00+00:00,Bournemouth,Crystal Palace,0,0,0
2015-12-26T15:00:00+00:00,Liverpool,Leicester,1,0,1
2015-12-26T15:00:00+00:00,Tottenham,Norwich,3,0,1
2015-12-26T15:00:00+00:00,Manchester City,Sunderland,4,1,1
2015-12-26T15:00:00+00:00,Chelsea,Watford,2,2,0
2015-12-26T15:00:00+00:00,Swansea,West Brom,1,0,1
2015-12-26T15:00:00+00:00,Aston Villa,West Ham,1,1,0
2015-12-26T17:30:00+00:00,Newcastle,Everton,0,1,2
2015-12-26T19:45:00+00:00,Southampton,Arsenal,4,0,1
2015-12-28T15:00:00+00:00,Norwich,Aston Villa,2,0,1
2015-12-28T15:00:00+00:00,West Brom,Newcastle,1,0,1
2015-12-28T15:00:00+00:00,Everton,Stoke City,3,4,2
2015-12-28T15:00:00+00:00,Crystal Palace,Swansea,0,0,0
2015-12-28T15:00:00+00:00,Watford,Tottenham,1,2,2
2015-12-28T17:30:00+00:00,Arsenal,Bournemouth,2,0,1
2015-12-28T17:30:00+00:00,Manchester United,Chelsea,0,0,0
2015-12-28T17:30:00+00:00,West Ham,Southampton,2,1,1
2015-12-29T19:45:00+00:00,Leicester,Manchester City,0,0,0
2015-12-30T19:45:00+00:00,Sunderland,Liverpool,0,1,2
2016-12-31T17:30:00+00:00,Liverpool,Manchester City,1,0,1
2016-12-31T15:00:00+00:00,Burnley,Sunderland,4,1,1
2016-12-31T15:00:00+00:00,Chelsea,Stoke City,4,2,1
2016-12-31T15:00:00+00:00,Leicester,West Ham,1,0,1
2016-12-31T15:00:00+00:00,Manchester United,Middlesbrough,2,1,1
2016-12-31T15:00:00+00:00,Southampton,West Brom,1,2,2
2016-12-31T15:00:00+00:00,Swansea,Bournemouth,0,3,2
2016-12-30T20:00:00+00:00,Hull City,Everton,2,2,0
2016-12-28T19:45:00+00:00,Southampton,Tottenham,1,4,2
2016-12-27T17:15:00+00:00,Liverpool,Stoke City,4,1,1
2016-12-26T17:15:00+00:00,Hull City,Manchester City,0,3,2
2016-12-26T15:00:00+00:00,Arsenal,West Brom,1,0,1
2016-12-26T15:00:00+00:00,Burnley,Middlesbrough,1,0,1
2016-12-26T15:00:00+00:00,Chelsea,Bournemouth,3,0,1
2016-12-26T15:00:00+00:00,Leicester,Everton,0,2,2
2016-12-26T15:00:00+00:00,Manchester United,Sunderland,3,1,1
2016-12-26T15:00:00+00:00,Swansea,West Ham,1,4,2
2016-12-26T12:30:00+00:00,Watford,Crystal Palace,1,1,0
2016-12-19T20:00:00+00:00,Everton,Liverpool,0,1,2
2016-12-18T16:00:00+00:00,Manchester City,Arsenal,2,1,1
2016-12-18T16:00:00+00:00,Tottenham,Burnley,2,1,1
2016-12-18T13:30:00+00:00,Bournemouth,Southampton,1,3,2
2016-12-17T17:30:00+00:00,West Brom,Manchester United,0,2,2
2016-12-17T15:00:00+00:00,Middlesbrough,Swansea,3,0,1
2016-12-17T15:00:00+00:00,Stoke City,Leicester,2,2,0
2016-12-17T15:00:00+00:00,Sunderland,Watford,1,0,1
2016-12-17T15:00:00+00:00,West Ham,Hull City,1,0,1
2016-12-17T12:30:00+00:00,Crystal Palace,Chelsea,0,1,2
2016-12-14T20:00:00+00:00,Crystal Palace,Manchester United,1,2,2
2016-12-14T20:00:00+00:00,Manchester City,Watford,2,0,1
2016-12-14T20:00:00+00:00,Stoke City,Southampton,0,0,0
2016-12-14T20:00:00+00:00,Tottenham,Hull City,3,0,1
2016-12-14T20:00:00+00:00,West Brom,Swansea,3,1,1
2016-12-14T19:45:00+00:00,Middlesbrough,Liverpool,0,3,2
2016-12-14T19:45:00+00:00,Sunderland,Chelsea,0,1,2
2016-12-14T19:45:00+00:00,West Ham,Burnley,1,0,1
2016-12-13T19:45:00+00:00,Bournemouth,Leicester,1,0,1
2016-12-13T19:45:00+00:00,Everton,Arsenal,2,1,1
2016-12-11T16:30:00+00:00,Liverpool,West Ham,2,2,0
2016-12-11T14:15:00+00:00,Manchester United,Tottenham,1,0,1
2016-12-11T14:15:00+00:00,Southampton,Middlesbrough,1,0,1
2016-12-11T12:00:00+00:00,Chelsea,West Brom,1,0,1
2016-12-10T17:30:00+00:00,Leicester,Manchester City,4,2,1
2016-12-10T15:00:00+00:00,Arsenal,Stoke City,3,1,1
2016-12-10T15:00:00+00:00,Burnley,Bournemouth,3,2,1
2016-12-10T15:00:00+00:00,Hull City,Crystal Palace,3,3,0
2016-12-10T15:00:00+00:00,Swansea,Sunderland,3,0,1
2016-12-10T12:30:00+00:00,Watford,Everton,3,2,1
2016-12-05T20:00:00+00:00,Middlesbrough,Hull City,1,0,1
2016-12-04T16:00:00+00:00,Everton,Manchester United,1,1,0
2016-12-04T13:30:00+00:00,Bournemouth,Liverpool,4,3,1
2016-12-03T17:30:00+00:00,West Ham,Arsenal,1,5,2
2016-12-03T15:00:00+00:00,Crystal Palace,Southampton,3,0,1
2016-12-03T15:00:00+00:00,Stoke City,Burnley,2,0,1
2016-12-03T15:00:00+00:00,Sunderland,Leicester,2,1,1
2016-12-03T15:00:00+00:00,Tottenham,Swansea,5,0,1
2016-12-03T15:00:00+00:00,West Brom,Watford,3,1,1
2016-12-03T12:30:00+00:00,Manchester City,Chelsea,1,3,2
2016-11-27T16:30:00+00:00,Manchester United,West Ham,1,1,0
2016-11-27T16:30:00+00:00,Southampton,Everton,1,0,1
2016-11-27T14:15:00+00:00,Arsenal,Bournemouth,3,1,1
2016-11-27T12:00:00+00:00,Watford,Stoke City,0,1,2
2016-11-26T17:30:00+00:00,Chelsea,Tottenham,2,1,1
2016-11-26T15:00:00+00:00,Hull City,West Brom,1,1,0
2016-11-26T15:00:00+00:00,Leicester,Middlesbrough,2,2,0
2016-11-26T15:00:00+00:00,Liverpool,Sunderland,2,0,1
2016-11-26T15:00:00+00:00,Swansea,Crystal Palace,5,4,1
2016-11-26T12:30:00+00:00,Burnley,Manchester City,1,2,2
2016-11-21T20:00:00+00:00,West Brom,Burnley,4,0,1
2016-11-20T16:00:00+00:00,Middlesbrough,Chelsea,0,1,2
2016-11-19T17:30:00+00:00,Tottenham,West Ham,3,2,1
2016-11-19T15:00:00+00:00,Crystal Palace,Manchester City,1,2,2
2016-11-19T15:00:00+00:00,Everton,Swansea,1,1,0
2016-11-19T15:00:00+00:00,Southampton,Liverpool,0,0,0
2016-11-19T15:00:00+00:00,Stoke City,Bournemouth,0,1,2
2016-11-19T15:00:00+00:00,Sunderland,Hull City,3,0,1
2016-11-19T15:00:00+00:00,Watford,Leicester,2,1,1
2016-11-19T12:30:00+00:00,Manchester United,Arsenal,1,1,0
2016-11-06T16:30:00+00:00,Leicester,West Brom,1,2,2
2016-11-06T15:00:00+00:00,Swansea,Manchester United,1,3,2
2016-11-06T14:15:00+00:00,Hull City,Southampton,2,1,1
2016-11-06T14:15:00+00:00,Liverpool,Watford,6,1,1
2016-11-06T12:00:00+00:00,Arsenal,Tottenham,1,1,0
2016-11-05T17:30:00+00:00,Chelsea,Everton,5,0,1
2016-11-05T15:00:00+00:00,Bournemouth,Sunderland,1,2,2
2016-11-05T15:00:00+00:00,Burnley,Crystal Palace,3,2,1
2016-11-05T15:00:00+00:00,Manchester City,Middlesbrough,1,1,0
2016-11-05T15:00:00+00:00,West Ham,Stoke City,1,1,0
2016-10-31T20:00:00+00:00,Stoke City,Swansea,3,1,1
2016-10-30T16:00:00+00:00,Southampton,Chelsea,0,2,2
2016-10-30T13:30:00+00:00,Everton,West Ham,2,0,1
2016-10-29T16:30:00+00:00,Crystal Palace,Liverpool,2,4,2
2016-10-29T14:00:00+00:00,Manchester United,Burnley,0,0,0
2016-10-29T14:00:00+00:00,Middlesbrough,Bournemouth,2,0,1
2016-10-29T14:00:00+00:00,Tottenham,Leicester,1,1,0
2016-10-29T14:00:00+00:00,Watford,Hull City,1,0,1
2016-10-29T14:00:00+00:00,West Brom,Manchester City,0,4,2
2016-10-29T11:30:00+00:00,Sunderland,Arsenal,1,4,2
2016-10-23T15:00:00+00:00,Chelsea,Manchester United,4,0,1
2016-10-23T12:30:00+00:00,Manchester City,Southampton,1,1,0
2016-10-22T16:30:00+00:00,Liverpool,West Brom,2,1,1
2016-10-22T14:00:00+00:00,Arsenal,Middlesbrough,0,0,0
2016-10-22T14:00:00+00:00,Burnley,Everton,2,1,1
2016-10-22T14:00:00+00:00,Hull City,Stoke City,0,2,2
2016-10-22T14:00:00+00:00,Leicester,Crystal Palace,3,1,1
2016-10-22T14:00:00+00:00,Swansea,Watford,0,0,0
2016-10-22T14:00:00+00:00,West Ham,Sunderland,1,0,1
2016-10-22T11:30:00+00:00,Bournemouth,Tottenham,0,0,0
2016-10-17T19:00:00+00:00,Liverpool,Manchester United,0,0,0
2016-10-16T15:00:00+00:00,Southampton,Burnley,3,1,1
2016-10-16T12:30:00+00:00,Middlesbrough,Watford,0,1,2
2016-10-15T16:30:00+00:00,Crystal Palace,West Ham,0,1,2
2016-10-15T14:00:00+00:00,Arsenal,Swansea,3,2,1
2016-10-15T14:00:00+00:00,Bournemouth,Hull City,6,1,1
2016-10-15T14:00:00+00:00,Manchester City,Everton,1,1,0
2016-10-15T14:00:00+00:00,Stoke City,Sunderland,2,0,1
2016-10-15T14:00:00+00:00,West Brom,Tottenham,1,1,0
2016-10-15T11:30:00+00:00,Chelsea,Leicester,3,0,1
2016-10-02T15:30:00+00:00,Burnley,Arsenal,0,1,2
2016-10-02T13:15:00+00:00,Leicester,Southampton,0,0,0
2016-10-02T13:15:00+00:00,Tottenham,Manchester City,2,0,1
2016-10-02T11:00:00+00:00,Manchester United,Stoke City,1,1,0
2016-10-01T14:00:00+00:00,Hull City,Chelsea,0,2,2
2016-10-01T14:00:00+00:00,Sunderland,West Brom,1,1,0
2016-10-01T14:00:00+00:00,Watford,Bournemouth,2,2,0
2016-10-01T14:00:00+00:00,West Ham,Middlesbrough,1,1,0
2016-10-01T11:30:00+00:00,Swansea,Liverpool,1,2,2
2016-09-30T19:00:00+00:00,Everton,Crystal Palace,1,1,0
2016-09-26T19:00:00+00:00,Burnley,Watford,2,0,1
2016-09-25T15:00:00+00:00,West Ham,Southampton,0,3,2
2016-09-24T16:30:00+00:00,Arsenal,Chelsea,3,0,1
2016-09-24T14:00:00+00:00,Bournemouth,Everton,1,0,1
2016-09-24T14:00:00+00:00,Liverpool,Hull City,5,1,1
2016-09-24T14:00:00+00:00,Middlesbrough,Tottenham,1,2,2
2016-09-24T14:00:00+00:00,Stoke City,West Brom,1,1,0
2016-09-24T14:00:00+00:00,Sunderland,Crystal Palace,2,3,2
2016-09-24T14:00:00+00:00,Swansea,Manchester City,1,3,2
2016-09-24T11:30:00+00:00,Manchester United,Leicester,4,1,1
2016-09-18T15:30:00+00:00,Tottenham,Sunderland,1,0,1
2016-09-18T13:15:00+00:00,Crystal Palace,Stoke City,4,1,1
2016-09-18T13:15:00+00:00,Southampton,Swansea,1,0,1
2016-09-18T11:00:00+00:00,Watford,Manchester United,3,1,1
2016-09-17T16:30:00+00:00,Everton,Middlesbrough,3,1,1
2016-09-17T14:00:00+00:00,Hull City,Arsenal,1,4,2
2016-09-17T14:00:00+00:00,Leicester,Burnley,3,0,1
2016-09-17T14:00:00+00:00,Manchester City,Bournemouth,4,0,1
2016-09-17T14:00:00+00:00,West Brom,West Ham,4,2,1
2016-09-16T19:00:00+00:00,Chelsea,Liverpool,1,2,2
2016-09-12T19:00:00+00:00,Sunderland,Everton,0,3,2
2016-09-11T15:00:00+00:00,Swansea,Chelsea,2,2,0
2016-09-10T16:30:00+00:00,Liverpool,Leicester,4,1,1
2016-09-10T14:00:00+00:00,Arsenal,Southampton,2,1,1
2016-09-10T14:00:00+00:00,Bournemouth,West Brom,1,0,1
2016-09-10T14:00:00+00:00,Burnley,Hull City,1,1,0
2016-09-10T14:00:00+00:00,Middlesbrough,Crystal Palace,1,2,2
2016-09-10T14:00:00+00:00,Stoke City,Tottenham,0,4,2
2016-09-10T14:00:00+00:00,West Ham,Watford,2,4,2
2016-09-10T11:30:00+00:00,Manchester United,Manchester City,1,2,2
2016-08-28T15:00:00+00:00,Manchester City,West Ham,3,1,1
2016-08-28T12:30:00+00:00,West Brom,Middlesbrough,0,0,0
2016-08-27T16:30:00+00:00,Hull City,Manchester United,0,1,2
2016-08-27T14:00:00+00:00,Chelsea,Burnley,3,0,1
2016-08-27T14:00:00+00:00,Crystal Palace,Bournemouth,1,1,0
2016-08-27T14:00:00+00:00,Everton,Stoke City,1,0,1
2016-08-27T14:00:00+00:00,Leicester,Swansea,2,1,1
2016-08-27T14:00:00+00:00,Southampton,Sunderland,1,1,0
2016-08-27T14:00:00+00:00,Watford,Arsenal,1,3,2
2016-08-27T11:30:00+00:00,Tottenham,Liverpool,1,1,0
2016-08-21T15:00:00+00:00,West Ham,Bournemouth,1,0,1
2016-08-21T12:30:00+00:00,Sunderland,Middlesbrough,1,2,2
2016-08-20T16:30:00+00:00,Leicester,Arsenal,0,0,0
2016-08-20T14:00:00+00:00,Burnley,Liverpool,2,0,1
2016-08-20T14:00:00+00:00,Swansea,Hull City,0,2,2
2016-08-20T14:00:00+00:00,Tottenham,Crystal Palace,1,0,1
2016-08-20T14:00:00+00:00,Watford,Chelsea,1,2,2
2016-08-20T14:00:00+00:00,West Brom,Everton,1,2,2
2016-08-20T11:30:00+00:00,Stoke City,Manchester City,1,4,2
2016-08-19T19:00:00+00:00,Manchester United,Southampton,2,0,1
2016-08-15T19:00:00+00:00,Chelsea,West Ham,2,1,1
2016-08-14T15:00:00+00:00,Arsenal,Liverpool,3,4,2
2016-08-14T12:30:00+00:00,Bournemouth,Manchester United,1,3,2
2016-08-13T16:30:00+00:00,Manchester City,Sunderland,2,1,1
2016-08-13T14:00:00+00:00,Burnley,Swansea,0,1,2
2016-08-13T14:00:00+00:00,Crystal Palace,West Brom,0,1,2
2016-08-13T14:00:00+00:00,Everton,Tottenham,1,1,0
2016-08-13T14:00:00+00:00,Middlesbrough,Stoke City,1,1,0
2016-08-13T14:00:00+00:00,Southampton,Watford,1,1,0
2016-08-13T11:30:00+00:00,Hull City,Leicester,2,1,1
2017-12-31T16:30:00+00:00,West Brom,Arsenal,1,1,0
2017-12-31T12:00:00+00:00,Crystal Palace,Manchester City,0,0,0
2017-12-30T17:30:00+00:00,Manchester United,Southampton,0,0,0
2017-12-30T15:00:00+00:00,Bournemouth,Everton,2,1,1
2017-12-30T15:00:00+00:00,Chelsea,Stoke City,5,0,1
2017-12-30T15:00:00+00:00,Huddersfield,Burnley,0,0,0
2017-12-30T15:00:00+00:00,Liverpool,Leicester,2,1,1
2017-12-30T15:00:00+00:00,Newcastle,Brighton,0,0,0
2017-12-30T15:00:00+00:00,Watford,Swansea,1,2,2
2017-12-28T20:00:00+00:00,Crystal Palace,Arsenal,2,3,2
2017-12-27T19:45:00+00:00,Newcastle,Manchester City,0,1,2
2017-12-26T17:30:00+00:00,Liverpool,Swansea,5,0,1
2017-12-26T15:00:00+00:00,Bournemouth,West Ham,3,3,0
2017-12-26T15:00:00+00:00,Chelsea,Brighton,2,0,1
2017-12-26T15:00:00+00:00,Huddersfield,Stoke City,1,1,0
2017-12-26T15:00:00+00:00,Manchester United,Burnley,2,2,0
2017-12-26T15:00:00+00:00,Watford,Leicester,2,1,1
2017-12-26T15:00:00+00:00,West Brom,Everton,0,0,0
2017-12-26T12:30:00+00:00,Tottenham,Southampton,5,2,1
2017-12-23T19:45:00+00:00,Leicester,Manchester United,2,2,0
2017-12-23T17:30:00+00:00,Burnley,Tottenham,0,3,2
2017-12-23T15:00:00+00:00,Brighton,Watford,1,0,1
2017-12-23T15:00:00+00:00,Manchester City,Bournemouth,4,0,1
2017-12-23T15:00:00+00:00,Southampton,Huddersfield,1,1,0
2017-12-23T15:00:00+00:00,Stoke City,West Brom,3,1,1
2017-12-23T15:00:00+00:00,Swansea,Crystal Palace,1,1,0
2017-12-23T15:00:00+00:00,West Ham,Newcastle,2,3,2
2017-12-23T12:30:00+00:00,Everton,Chelsea,0,0,0
2017-12-22T19:45:00+00:00,Arsenal,Liverpool,3,3,0
2017-12-18T20:00:00+00:00,Everton,Swansea,3,1,1
2017-12-17T16:30:00+00:00,Bournemouth,Liverpool,0,4,2
2017-12-17T14:15:00+00:00,West Brom,Manchester United,1,2,2
2017-12-16T17:30:00+00:00,Manchester City,Tottenham,4,1,1
2017-12-16T16:00:00+00:00,Stoke City,West Ham,0,3,2
2017-12-16T15:00:00+00:00,Arsenal,Newcastle,1,0,1
2017-12-16T15:00:00+00:00,Brighton,Burnley,0,0,0
2017-12-16T15:00:00+00:00,Chelsea,Southampton,1,0,1
2017-12-16T15:00:00+00:00,Watford,Huddersfield,1,4,2
2017-12-16T12:30:00+00:00,Leicester,Crystal Palace,0,3,2
2017-12-13T20:00:00+00:00,Liverpool,West Brom,0,0,0
2017-12-13T20:00:00+00:00,Manchester United,Bournemouth,1,0,1
2017-12-13T20:00:00+00:00,Tottenham,Brighton,2,0,1
2017-12-13T20:00:00+00:00,West Ham,Arsenal,0,0,0
2017-12-13T19:45:00+00:00,Newcastle,Everton,0,1,2
2017-12-13T19:45:00+00:00,Southampton,Leicester,1,4,2
2017-12-13T19:45:00+00:00,Swansea,Manchester City,0,4,2
2017-12-12T20:00:00+00:00,Crystal Palace,Watford,2,1,1
2017-12-12T20:00:00+00:00,Huddersfield,Chelsea,1,3,2
2017-12-12T19:45:00+00:00,Burnley,Stoke City,1,0,1
2017-12-10T16:30:00+00:00,Manchester United,Manchester City,1,2,2
2017-12-10T14:15:00+00:00,Liverpool,Everton,1,1,0
2017-12-10T12:00:00+00:00,Southampton,Arsenal,1,1,0
2017-12-09T17:30:00+00:00,Newcastle,Leicester,2,3,2
2017-12-09T15:00:00+00:00,Burnley,Watford,1,0,1
2017-12-09T15:00:00+00:00,Crystal Palace,Bournemouth,2,2,0
2017-12-09T15:00:00+00:00,Huddersfield,Brighton,2,0,1
2017-12-09T15:00:00+00:00,Swansea,West Brom,1,0,1
2017-12-09T15:00:00+00:00,Tottenham,Stoke City,5,1,1
2017-12-09T12:30:00+00:00,West Ham,Chelsea,1,0,1
2017-12-03T16:00:00+00:00,Manchester City,West Ham,2,1,1
2017-12-03T13:30:00+00:00,Bournemouth,Southampton,1,1,0
2017-12-02T17:30:00+00:00,Arsenal,Manchester United,1,3,2
2017-12-02T15:00:00+00:00,Brighton,Liverpool,1,5,2
2017-12-02T15:00:00+00:00,Everton,Huddersfield,2,0,1
2017-12-02T15:00:00+00:00,Leicester,Burnley,1,0,1
2017-12-02T15:00:00+00:00,Stoke City,Swansea,2,1,1
2017-12-02T15:00:00+00:00,Watford,Tottenham,1,1,0
2017-12-02T15:00:00+00:00,West Brom,Crystal Palace,0,0,0
2017-12-02T12:30:00+00:00,Chelsea,Newcastle,3,1,1
2017-11-29T20:00:00+00:00,Everton,West Ham,4,0,1
2017-11-29T20:00:00+00:00,Manchester City,Southampton,2,1,1
2017-11-29T20:00:00+00:00,Stoke City,Liverpool,0,3,2
2017-11-29T19:45:00+00:00,Arsenal,Huddersfield,5,0,1
2017-11-29T19:45:00+00:00,Bournemouth,Burnley,1,2,2
2017-11-29T19:45:00+00:00,Chelsea,Swansea,1,0,1
2017-11-28T20:00:00+00:00,Watford,Manchester United,2,4,2
2017-11-28T20:00:00+00:00,West Brom,Newcastle,2,2,0
2017-11-28T19:45:00+00:00,Brighton,Crystal Palace,0,0,0
2017-11-28T19:45:00+00:00,Leicester,Tottenham,2,1,1
2017-11-26T16:00:00+00:00,Huddersfield,Manchester City,1,2,2
2017-11-26T14:00:00+00:00,Burnley,Arsenal,0,1,2
2017-11-26T13:30:00+00:00,Southampton,Everton,4,1,1
2017-11-25T17:30:00+00:00,Liverpool,Chelsea,1,1,0
2017-11-25T15:00:00+00:00,Crystal Palace,Stoke City,2,1,1
2017-11-25T15:00:00+00:00,Manchester United,Brighton,1,0,1
2017-11-25T15:00:00+00:00,Newcastle,Watford,0,3,2
2017-11-25T15:00:00+00:00,Swansea,Bournemouth,0,0,0
2017-11-25T15:00:00+00:00,Tottenham,West Brom,1,1,0
2017-11-24T20:00:00+00:00,West Ham,Leicester,1,1,0
2017-11-20T20:00:00+00:00,Brighton,Stoke City,2,2,0
2017-11-19T16:00:00+00:00,Watford,West Ham,2,0,1
2017-11-18T17:30:00+00:00,Manchester United,Newcastle,4,1,1
2017-11-18T15:00:00+00:00,Bournemouth,Huddersfield,4,0,1
2017-11-18T15:00:00+00:00,Burnley,Swansea,2,0,1
2017-11-18T15:00:00+00:00,Crystal Palace,Everton,2,2,0
2017-11-18T15:00:00+00:00,Leicester,Manchester City,0,2,2
2017-11-18T15:00:00+00:00,Liverpool,Southampton,3,0,1
2017-11-18T15:00:00+00:00,West Brom,Chelsea,0,4,2
2017-11-18T12:30:00+00:00,Arsenal,Tottenham,2,0,1
2017-11-05T16:30:00+00:00,Chelsea,Manchester United,1,0,1
2017-11-05T16:30:00+00:00,Everton,Watford,3,2,1
2017-11-05T14:15:00+00:00,Manchester City,Arsenal,3,1,1
2017-11-05T12:00:00+00:00,Tottenham,Crystal Palace,1,0,1
2017-11-04T17:30:00+00:00,West Ham,Liverpool,1,4,2
2017-11-04T15:00:00+00:00,Huddersfield,West Brom,1,0,1
2017-11-04T15:00:00+00:00,Newcastle,Bournemouth,0,1,2
2017-11-04T15:00:00+00:00,Southampton,Burnley,0,1,2
2017-11-04T15:00:00+00:00,Swansea,Brighton,0,1,2
2017-11-04T12:30:00+00:00,Stoke City,Leicester,2,2,0
2017-10-30T20:00:00+00:00,Burnley,Newcastle,1,0,1
2017-10-29T16:00:00+00:00,Leicester,Everton,2,0,1
2017-10-29T13:30:00+00:00,Brighton,Southampton,1,1,0
2017-10-28T16:30:00+00:00,Bournemouth,Chelsea,0,1,2
2017-10-28T14:00:00+00:00,Arsenal,Swansea,2,1,1
2017-10-28T14:00:00+00:00,Crystal Palace,West Ham,2,2,0
2017-10-28T14:00:00+00:00,Liverpool,Huddersfield,3,0,1
2017-10-28T14:00:00+00:00,Watford,Stoke City,0,1,2
2017-10-28T14:00:00+00:00,West Brom,Manchester City,2,3,2
2017-10-28T11:30:00+00:00,Manchester United,Tottenham,1,0,1
2017-10-22T15:00:00+00:00,Tottenham,Liverpool,4,1,1
2017-10-22T12:30:00+00:00,Everton,Arsenal,2,5,2
2017-10-21T16:30:00+00:00,Southampton,West Brom,1,0,1
2017-10-21T14:00:00+00:00,Huddersfield,Manchester United,2,1,1
2017-10-21T14:00:00+00:00,Manchester City,Burnley,3,0,1
2017-10-21T14:00:00+00:00,Newcastle,Crystal Palace,1,0,1
2017-10-21T14:00:00+00:00,Stoke City,Bournemouth,1,2,2
2017-10-21T14:00:00+00:00,Swansea,Leicester,1,2,2
2017-10-21T11:30:00+00:00,Chelsea,Watford,4,2,1
2017-10-20T19:00:00+00:00,West Ham,Brighton,0,3,2
2017-10-16T19:00:00+00:00,Leicester,West Brom,1,1,0
2017-10-15T15:00:00+00:00,Southampton,Newcastle,2,2,0
2017-10-15T12:30:00+00:00,Brighton,Everton,1,1,0
2017-10-14T16:30:00+00:00,Watford,Arsenal,2,1,1
2017-10-14T14:00:00+00:00,Burnley,West Ham,1,1,0
2017-10-14T14:00:00+00:00,Crystal Palace,Chelsea,2,1,1
2017-10-14T14:00:00+00:00,Manchester City,Stoke City,7,2,1
2017-10-14T14:00:00+00:00,Swansea,Huddersfield,2,0,1
2017-10-14T14:00:00+00:00,Tottenham,Bournemouth,1,0,1
2017-10-14T11:30:00+00:00,Liverpool,Manchester United,0,0,0
2017-10-01T15:30:00+00:00,Newcastle,Liverpool,1,1,0
2017-10-01T13:15:00+00:00,Everton,Burnley,0,1,2
2017-10-01T11:00:00+00:00,Arsenal,Brighton,2,0,1
2017-09-30T16:30:00+00:00,Chelsea,Manchester City,0,1,2
2017-09-30T14:00:00+00:00,Bournemouth,Leicester,0,0,0
2017-09-30T14:00:00+00:00,Manchester United,Crystal Palace,4,0,1
2017-09-30T14:00:00+00:00,Stoke City,Southampton,2,1,1
2017-09-30T14:00:00+00:00,West Brom,Watford,2,2,0
2017-09-30T14:00:00+00:00,West Ham,Swansea,1,0,1
2017-09-30T11:30:00+00:00,Huddersfield,Tottenham,0,4,2
2017-09-25T19:00:00+00:00,Arsenal,West Brom,2,0,1
2017-09-24T15:00:00+00:00,Brighton,Newcastle,1,0,1
2017-09-23T16:30:00+00:00,Leicester,Liverpool,2,3,2
2017-09-23T14:00:00+00:00,Burnley,Huddersfield,0,0,0
2017-09-23T14:00:00+00:00,Everton,Bournemouth,2,1,1
2017-09-23T14:00:00+00:00,Manchester City,Crystal Palace,5,0,1
2017-09-23T14:00:00+00:00,Southampton,Manchester United,0,1,2
2017-09-23T14:00:00+00:00,Stoke City,Chelsea,0,4,2
2017-09-23T14:00:00+00:00,Swansea,Watford,1,2,2
2017-09-23T11:30:00+00:00,West Ham,Tottenham,2,3,2
2017-09-17T15:00:00+00:00,Manchester United,Everton,4,0,1
2017-09-17T12:30:00+00:00,Chelsea,Arsenal,0,0,0
2017-09-16T16:30:00+00:00,Tottenham,Swansea,0,0,0
2017-09-16T14:00:00+00:00,Huddersfield,Leicester,1,1,0
2017-09-16T14:00:00+00:00,Liverpool,Burnley,1,1,0
2017-09-16T14:00:00+00:00,Newcastle,Stoke City,2,1,1
2017-09-16T14:00:00+00:00,Watford,Manchester City,0,6,2
2017-09-16T14:00:00+00:00,West Brom,West Ham,0,0,0
2017-09-16T11:30:00+00:00,Crystal Palace,Southampton,0,1,2
2017-09-15T19:00:00+00:00,Bournemouth,Brighton,2,1,1
2017-09-11T19:00:00+00:00,West Ham,Huddersfield,2,0,1
2017-09-10T15:00:00+00:00,Swansea,Newcastle,0,1,2
2017-09-10T12:30:00+00:00,Burnley,Crystal Palace,1,0,1
2017-09-09T16:30:00+00:00,Stoke City,Manchester United,2,2,0
2017-09-09T14:00:00+00:00,Arsenal,Bournemouth,3,0,1
2017-09-09T14:00:00+00:00,Brighton,West Brom,3,1,1
2017-09-09T14:00:00+00:00,Everton,Tottenham,0,3,2
2017-09-09T14:00:00+00:00,Leicester,Chelsea,1,2,2
2017-09-09T14:00:00+00:00,Southampton,Watford,0,2,2
2017-09-09T11:30:00+00:00,Manchester City,Liverpool,5,0,1
2017-08-27T15:00:00+00:00,Liverpool,Arsenal,4,0,1
2017-08-27T15:00:00+00:00,Tottenham,Burnley,1,1,0
2017-08-27T12:30:00+00:00,Chelsea,Everton,2,0,1
2017-08-27T12:30:00+00:00,West Brom,Stoke City,1,1,0
2017-08-26T16:30:00+00:00,Manchester United,Leicester,2,0,1
2017-08-26T14:00:00+00:00,Crystal Palace,Swansea,0,2,2
2017-08-26T14:00:00+00:00,Huddersfield,Southampton,0,0,0
2017-08-26T14:00:00+00:00,Newcastle,West Ham,3,0,1
2017-08-26T14:00:00+00:00,Watford,Brighton,0,0,0
2017-08-26T11:30:00+00:00,Bournemouth,Manchester City,1,2,2
2017-08-21T19:00:00+00:00,Manchester City,Everton,1,1,0
2017-08-20T15:00:00+00:00,Tottenham,Chelsea,1,2,2
2017-08-20T12:30:00+00:00,Huddersfield,Newcastle,1,0,1
2017-08-19T16:30:00+00:00,Stoke City,Arsenal,1,0,1
2017-08-19T14:00:00+00:00,Bournemouth,Watford,0,2,2
2017-08-19T14:00:00+00:00,Burnley,West Brom,0,1,2
2017-08-19T14:00:00+00:00,Leicester,Brighton,2,0,1
2017-08-19T14:00:00+00:00,Liverpool,Crystal Palace,1,0,1
2017-08-19T14:00:00+00:00,Southampton,West Ham,3,2,1
2017-08-19T11:30:00+00:00,Swansea,Manchester United,0,4,2
2017-08-13T15:00:00+00:00,Manchester United,West Ham,4,0,1
2017-08-13T12:30:00+00:00,Newcastle,Tottenham,0,2,2
2017-08-12T16:30:00+00:00,Brighton,Manchester City,0,2,2
2017-08-12T14:00:00+00:00,Chelsea,Burnley,2,3,2
2017-08-12T14:00:00+00:00,Crystal Palace,Huddersfield,0,3,2
2017-08-12T14:00:00+00:00,Everton,Stoke City,1,0,1
2017-08-12T14:00:00+00:00,Southampton,Swansea,0,0,0
2017-08-12T14:00:00+00:00,West Brom,Bournemouth,1,0,1
2017-08-12T11:30:00+00:00,Watford,Liverpool,3,3,0
2017-08-11T18:45:00+00:00,Arsenal,Leicester,4,3,1
2018-08-10T19:00:00+00:00,Manchester United,Leicester,2,1,1
2018-08-11T11:30:00+00:00,Newcastle,Tottenham,1,2,2
2018-08-11T14:00:00+00:00,Bournemouth,Cardiff,2,0,1
2018-08-11T14:00:00+00:00,Fulham,Crystal Palace,0,2,2
2018-08-11T14:00:00+00:00,Huddersfield,Chelsea,0,3,2
2018-08-11T14:00:00+00:00,Watford,Brighton,2,0,1
2018-08-11T16:30:00+00:00,Wolves,Everton,2,2,0
2018-08-12T12:30:00+00:00,Liverpool,West Ham,4,0,1
2018-08-12T12:30:00+00:00,Southampton,Burnley,0,0,0
2018-08-12T15:00:00+00:00,Arsenal,Manchester City,0,2,2
2018-08-18T11:30:00+00:00,Cardiff,Newcastle,0,0,0
2018-08-19T12:30:00+00:00,Burnley,Watford,1,3,2
2018-08-18T14:00:00+00:00,Everton,Southampton,2,1,1
2018-08-18T14:00:00+00:00,Leicester,Wolves,2,0,1
2018-08-18T14:00:00+00:00,Tottenham,Fulham,3,1,1
2018-08-18T14:00:00+00:00,West Ham,Bournemouth,1,2,2
2018-08-18T16:30:00+00:00,Chelsea,Arsenal,3,2,1
2018-08-19T12:30:00+00:00,Manchester City,Huddersfield,6,1,1
2018-08-19T15:00:00+00:00,Brighton,Manchester United,3,2,1
2018-08-20T19:00:00+00:00,Crystal Palace,Liverpool,0,2,2
2018-08-25T11:30:00+00:00,Wolves,Manchester City,1,1,0
2018-08-25T14:00:00+00:00,Arsenal,West Ham,3,1,1
2018-08-25T14:00:00+00:00,Bournemouth,Everton,2,2,0
2018-08-26T15:00:00+00:00,Fulham,Burnley,4,2,1
2018-08-25T14:00:00+00:00,Huddersfield,Cardiff,0,0,0
2018-08-25T14:00:00+00:00,Southampton,Leicester,1,2,2
2018-08-25T16:30:00+00:00,Liverpool,Brighton,1,0,1
2018-08-26T12:30:00+00:00,Watford,Crystal Palace,2,1,1
2018-08-26T15:00:00+00:00,Newcastle,Chelsea,1,2,2
2018-08-27T19:00:00+00:00,Manchester United,Tottenham,0,3,2
2018-09-01T11:30:00+00:00,Leicester,Liverpool,1,2,2
2018-09-01T14:00:00+00:00,Brighton,Fulham,2,2,0
2018-09-02T15:00:00+00:00,Burnley,Manchester United,0,2,2
2018-09-01T14:00:00+00:00,Chelsea,Bournemouth,2,0,1
2018-09-01T14:00:00+00:00,Crystal Palace,Southampton,0,2,2
2018-09-01T14:00:00+00:00,Everton,Huddersfield,1,1,0
2018-09-01T14:00:00+00:00,West Ham,Wolves,0,1,2
2018-09-01T16:30:00+00:00,Manchester City,Newcastle,2,1,1
2018-09-02T12:30:00+00:00,Cardiff,Arsenal,2,3,2
2018-09-02T15:00:00+00:00,Watford,Tottenham,2,1,1
2018-09-15T11:30:00+00:00,Tottenham,Liverpool,1,2,2
2018-09-15T14:00:00+00:00,Bournemouth,Leicester,4,2,1
2018-09-15T14:00:00+00:00,Chelsea,Cardiff,4,1,1
2018-09-15T14:00:00+00:00,Huddersfield,Crystal Palace,0,1,2
2018-09-15T14:00:00+00:00,Manchester City,Fulham,3,0,1
2018-09-15T14:00:00+00:00,Newcastle,Arsenal,1,2,2
2018-09-15T16:30:00+00:00,Watford,Manchester United,1,2,2
2018-09-16T12:30:00+00:00,Wolves,Burnley,1,0,1
2018-09-16T15:00:00+00:00,Everton,West Ham,1,3,2
2018-09-17T19:00:00+00:00,Southampton,Brighton,2,2,0
2018-09-22T11:30:00+00:00,Fulham,Watford,1,1,0
2018-09-22T14:00:00+00:00,Burnley,Bournemouth,4,0,1
2018-09-22T14:00:00+00:00,Cardiff,Manchester City,0,5,2
2018-09-22T14:00:00+00:00,Crystal Palace,Newcastle,0,0,0
2018-09-22T14:00:00+00:00,Leicester,Huddersfield,3,1,1
2018-09-22T14:00:00+00:00,Liverpool,Southampton,3,0,1
2018-09-22T14:00:00+00:00,Manchester United,Wolves,1,1,0
2018-09-22T16:30:00+00:00,Brighton,Tottenham,1,2,2
2018-09-23T12:30:00+00:00,West Ham,Chelsea,0,0,0
2018-09-23T15:00:00+00:00,Arsenal,Everton,2,0,1
2018-09-29T11:30:00+00:00,West Ham,Manchester United,3,1,1
2018-09-29T14:00:00+00:00,Arsenal,Watford,2,0,1
2018-09-29T14:00:00+00:00,Everton,Fulham,3,0,1
2018-09-29T14:00:00+00:00,Huddersfield,Tottenham,0,2,2
2018-09-29T14:00:00+00:00,Manchester City,Brighton,2,0,1
2018-09-29T14:00:00+00:00,Newcastle,Leicester,0,2,2
2018-09-29T14:00:00+00:00,Wolves,Southampton,2,0,1
2018-09-29T16:30:00+00:00,Chelsea,Liverpool,1,1,0
2018-09-30T15:00:00+00:00,Cardiff,Burnley,1,2,2
2018-10-01T19:00:00+00:00,Bournemouth,Crystal Palace,2,1,1
2018-10-05T19:00:00+00:00,Brighton,West Ham,1,0,1
2018-10-06T14:00:00+00:00,Burnley,Huddersfield,1,1,0
2018-10-06T14:00:00+00:00,Crystal Palace,Wolves,0,1,2
2018-10-07T11:00:00+00:00,Fulham,Arsenal,1,5,2
2018-10-06T14:00:00+00:00,Leicester,Everton,1,2,2
2018-10-07T15:30:00+00:00,Liverpool,Manchester City,0,0,0
2018-10-06T16:30:00+00:00,Manchester United,Newcastle,3,2,1
2018-10-07T13:15:00+00:00,Southampton,Chelsea,0,3,2
2018-10-06T14:00:00+00:00,Tottenham,Cardiff,1,0,1
2018-10-06T14:00:00+00:00,Watford,Bournemouth,0,4,2
2018-10-22T19:00:00+00:00,Arsenal,Leicester,3,1,1
2018-10-20T14:00:00+00:00,Bournemouth,Southampton,0,0,0
2018-10-20T14:00:00+00:00,Cardiff,Fulham,4,2,1
2018-10-20T11:30:00+00:00,Chelsea,Manchester United,2,2,0
2018-10-21T15:00:00+00:00,Everton,Crystal Palace,2,0,1
2018-10-20T16:30:00+00:00,Huddersfield,Liverpool,0,1,2
2018-10-20T14:00:00+00:00,Manchester City,Burnley,5,0,1
2018-10-20T14:00:00+00:00,Newcastle,Brighton,0,1,2
2018-10-20T14:00:00+00:00,West Ham,Tottenham,0,1,2
2018-10-20T14:00:00+00:00,Wolves,Watford,0,2,2
2018-10-27T14:00:00+00:00,Brighton,Wolves,1,0,1
2018-10-28T13:30:00+00:00,Burnley,Chelsea,0,4,2
2018-10-28T13:30:00+00:00,Crystal Palace,Arsenal,2,2,0
2018-10-27T14:00:00+00:00,Fulham,Bournemouth,0,3,2
2018-10-27T16:30:00+00:00,Leicester,West Ham,1,1,0
2018-10-27T14:00:00+00:00,Liverpool,Cardiff,4,1,1
2018-10-28T16:00:00+00:00,Manchester United,Everton,2,1,1
2018-10-27T14:00:00+00:00,Southampton,Newcastle,0,0,0
2018-10-29T20:00:00+00:00,Tottenham,Manchester City,0,1,2
2018-10-27T14:00:00+00:00,Watford,Huddersfield,3,0,1
2018-11-03T17:30:00+00:00,Arsenal,Liverpool,1,1,0
2018-11-03T12:30:00+00:00,Bournemouth,Manchester United,1,2,2
2018-11-03T15:00:00+00:00,Cardiff,Leicester,0,1,2
2018-11-04T16:00:00+00:00,Chelsea,Crystal Palace,3,1,1
2018-11-03T15:00:00+00:00,Everton,Brighton,3,1,1
2018-11-05T20:00:00+00:00,Huddersfield,Fulham,1,0,1
2018-11-04T15:00:00+00:00,Manchester City,Southampton,6,1,1
2018-11-03T15:00:00+00:00,Newcastle,Watford,1,0,1
2018-11-03T15:00:00+00:00,West Ham,Burnley,4,2,1
2018-11-03T19:45:00+00:00,Wolves,Tottenham,2,3,2
2018-11-11T16:30:00+00:00,Arsenal,Wolves,1,1,0
2018-11-10T12:30:00+00:00,Cardiff,Brighton,2,1,1
2018-11-11T14:15:00+00:00,Chelsea,Everton,0,0,0
2018-11-10T17:30:00+00:00,Crystal Palace,Tottenham,0,1,2
2018-11-10T15:00:00+00:00,Huddersfield,West Ham,1,1,0
2018-11-10T15:00:00+00:00,Leicester,Burnley,0,0,0
2018-11-11T12:00:00+00:00,Liverpool,Fulham,2,0,1
2018-11-11T16:30:00+00:00,Manchester City,Manchester United,3,1,1
2018-11-10T15:00:00+00:00,Newcastle,Bournemouth,2,1,1
2018-11-10T15:00:00+00:00,Southampton,Watford,1,1,0
2018-11-25T13:30:00+00:00,Bournemouth,Arsenal,1,2,2
2018-11-24T15:00:00+00:00,Brighton,Leicester,1,1,0
2018-11-26T20:30:00+00:00,Burnley,Newcastle,1,2,2
2018-11-24T15:00:00+00:00,Everton,Cardiff,1,0,1
2018-11-24T15:00:00+00:00,Fulham,Southampton,3,2,1
2018-11-24T15:00:00+00:00,Manchester United,Crystal Palace,0,0,0
2018-11-24T17:30:00+00:00,Tottenham,Chelsea,3,1,1
2018-11-24T15:00:00+00:00,Watford,Liverpool,0,3,2
2018-11-24T15:00:00+00:00,West Ham,Manchester City,0,4,2
2018-11-25T16:00:00+00:00,Wolves,Huddersfield,0,2,2
2018-12-02T14:05:00+00:00,Arsenal,Tottenham,4,2,1
2018-11-30T20:00:00+00:00,Cardiff,Wolves,2,1,1
2018-12-02T12:00:00+00:00,Chelsea,Fulham,2,0,1
2018-12-01T15:00:00+00:00,Crystal Palace,Burnley,2,0,1
2018-12-01T15:00:00+00:00,Huddersfield,Brighton,1,2,2
2018-12-01T15:00:00+00:00,Leicester,Watford,2,0,1
2018-12-02T16:15:00+00:00,Liverpool,Everton,1,0,1
2018-12-01T15:00:00+00:00,Manchester City,Bournemouth,3,1,1
2018-12-01T15:00:00+00:00,Newcastle,West Ham,0,3,2
2018-12-01T17:30:00+00:00,Southampton,Manchester United,2,2,0
2018-12-04T19:45:00+00:00,Bournemouth,Huddersfield,2,1,1
2018-12-04T19:45:00+00:00,Brighton,Crystal Palace,3,1,1
2018-12-05T19:45:00+00:00,Burnley,Liverpool,1,3,2
2018-12-05T19:45:00+00:00,Fulham,Leicester,1,1,0
2018-12-04T20:00:00+00:00,Watford,Manchester City,1,2,2
2018-12-04T19:45:00+00:00,West Ham,Cardiff,3,1,1
2018-12-05T19:45:00+00:00,Wolves,Chelsea,2,1,1
2018-12-05T20:00:00+00:00,Manchester United,Arsenal,2,2,0
2018-12-05T19:45:00+00:00,Everton,Newcastle,1,1,0
2018-12-05T20:00:00+00:00,Tottenham,Southampton,3,1,1
2018-12-08T15:00:00+00:00,Arsenal,Huddersfield,1,0,1
2018-12-08T12:30:00+00:00,Bournemouth,Liverpool,0,4,2
2018-12-08T15:00:00+00:00,Burnley,Brighton,1,0,1
2018-12-08T15:00:00+00:00,Cardiff,Southampton,1,0,1
2018-12-08T17:30:00+00:00,Chelsea,Manchester City,2,0,1
2018-12-10T20:00:00+00:00,Everton,Watford,2,2,0
2018-12-08T19:45:00+00:00,Leicester,Tottenham,0,2,2
2018-12-08T15:00:00+00:00,Manchester United,Fulham,4,1,1
2018-12-09T16:00:00+00:00,Newcastle,Wolves,1,2,2
2018-12-08T15:00:00+00:00,West Ham,Crystal Palace,3,2,1
2018-12-16T13:30:00+00:00,Brighton,Chelsea,1,2,2
2018-12-15T15:00:00+00:00,Crystal Palace,Leicester,1,0,1
2018-12-15T17:30:00+00:00,Fulham,West Ham,0,2,2
2018-12-15T15:00:00+00:00,Huddersfield,Newcastle,0,1,2
2018-12-16T16:00:00+00:00,Liverpool,Manchester United,3,1,1
2018-12-15T12:30:00+00:00,Manchester City,Everton,3,1,1
2018-12-16T13:30:00+00:00,Southampton,Arsenal,3,2,1
2018-12-15T15:00:00+00:00,Tottenham,Burnley,1,0,1
2018-12-15T15:00:00+00:00,Watford,Cardiff,3,2,1
2018-12-15T15:00:00+00:00,Wolves,Bournemouth,2,0,1
2018-12-22T12:30:00+00:00,Arsenal,Burnley,3,1,1
2018-12-22T15:00:00+00:00,Bournemouth,Brighton,2,0,1
2018-12-22T17:30:00+00:00,Cardiff,Manchester United,1,5,2
2018-12-22T15:00:00+00:00,Chelsea,Leicester,0,1,2
2018-12-23T16:00:00+00:00,Everton,Tottenham,2,6,2
2018-12-22T15:00:00+00:00,Huddersfield,Southampton,1,3,2
2018-12-22T15:00:00+00:00,Manchester City,Crystal Palace,2,3,2
2018-12-22T15:00:00+00:00,Newcastle,Fulham,0,0,0
2018-12-22T15:00:00+00:00,West Ham,Watford,0,2,2
2018-12-21T20:00:00+00:00,Wolves,Liverpool,0,2,2
2018-12-26T17:15:00+00:00,Brighton,Arsenal,1,1,0
2018-12-26T15:00:00+00:00,Burnley,Everton,1,5,2
2018-12-26T15:00:00+00:00,Crystal Palace,Cardiff,0,0,0
2018-12-26T12:30:00+00:00,Fulham,Wolves,1,1,0
2018-12-26T15:00:00+00:00,Leicester,Manchester City,2,1,1
2018-12-26T15:00:00+00:00,Liverpool,Newcastle,4,0,1
2018-12-26T15:00:00+00:00,Manchester United,Huddersfield,3,1,1
2018-12-27T19:45:00+00:00,Southampton,West Ham,1,2,2
2018-12-26T15:00:00+00:00,Tottenham,Bournemouth,5,0,1
2018-12-26T19:30:00+00:00,Watford,Chelsea,1,2,2
2018-12-29T15:00:00+00:00,Brighton,Everton,1,0,1
2018-12-30T14:15:00+00:00,Burnley,West Ham,2,0,1
2018-12-30T12:00:00+00:00,Crystal Palace,Chelsea,0,1,2
2018-12-29T15:00:00+00:00,Fulham,Huddersfield,1,0,1
2018-12-29T15:00:00+00:00,Leicester,Cardiff,0,1,2
2018-12-29T17:30:00+00:00,Liverpool,Arsenal,5,1,1
2018-12-30T16:30:00+00:00,Manchester United,Bournemouth,4,1,1
2018-12-30T14:15:00+00:00,Southampton,Manchester City,1,3,2
2018-12-29T15:00:00+00:00,Tottenham,Wolves,1,3,2
2018-12-29T15:00:00+00:00,Watford,Newcastle,1,1,0
2019-08-09T19:00:00+00:00,Liverpool,Norwich,4,1,1
2019-08-10T11:30:00+00:00,West Ham,Manchester City,0,5,2
2019-08-10T14:00:00+00:00,Bournemouth,Sheffield Utd,1,1,0
2019-08-10T14:00:00+00:00,Burnley,Southampton,3,0,1
2019-08-10T14:00:00+00:00,Crystal Palace,Everton,0,0,0
2019-08-11T13:00:00+00:00,Leicester,Wolves,0,0,0
2019-08-10T14:00:00+00:00,Watford,Brighton,0,3,2
2019-08-10T16:30:00+00:00,Tottenham,Aston Villa,3,1,1
2019-08-11T13:00:00+00:00,Newcastle,Arsenal,0,1,2
2019-08-11T15:30:00+00:00,Manchester United,Chelsea,4,0,1
2019-08-17T11:30:00+00:00,Arsenal,Burnley,2,1,1
2019-08-17T14:00:00+00:00,Aston Villa,Bournemouth,1,2,2
2019-08-17T14:00:00+00:00,Brighton,West Ham,1,1,0
2019-08-18T15:30:00+00:00,Chelsea,Leicester,1,1,0
2019-08-17T14:00:00+00:00,Everton,Watford,1,0,1
2019-08-17T16:30:00+00:00,Manchester City,Tottenham,2,2,0
2019-08-17T14:00:00+00:00,Norwich,Newcastle,3,1,1
2019-08-18T13:00:00+00:00,Sheffield Utd,Crystal Palace,1,0,1
2019-08-17T14:00:00+00:00,Southampton,Liverpool,1,2,2
2019-08-19T19:00:00+00:00,Wolves,Manchester United,1,1,0
2019-08-25T13:00:00+00:00,Bournemouth,Manchester City,1,3,2
2019-08-23T19:00:00+00:00,Aston Villa,Everton,2,0,1
2019-08-24T14:00:00+00:00,Brighton,Southampton,0,2,2
2019-08-24T16:30:00+00:00,Liverpool,Arsenal,3,1,1
2019-08-24T14:00:00+00:00,Manchester United,Crystal Palace,1,2,2
2019-08-24T11:30:00+00:00,Norwich,Chelsea,2,3,2
2019-08-24T14:00:00+00:00,Sheffield Utd,Leicester,1,2,2
2019-08-25T15:30:00+00:00,Tottenham,Newcastle,0,1,2
2019-08-24T14:00:00+00:00,Watford,West Ham,1,3,2
2019-08-25T15:30:00+00:00,Wolves,Burnley,1,1,0
2019-09-01T15:30:00+00:00,Arsenal,Tottenham,2,2,0
2019-08-31T16:30:00+00:00,Burnley,Liverpool,0,3,2
2019-08-31T14:00:00+00:00,Chelsea,Sheffield Utd,2,2,0
2019-08-31T14:00:00+00:00,Crystal Palace,Aston Villa,1,0,1
2019-09-01T13:00:00+00:00,Everton,Wolves,3,2,1
2019-08-31T14:00:00+00:00,Leicester,Bournemouth,3,1,1
2019-08-31T14:00:00+00:00,Manchester City,Brighton,4,0,1
2019-08-31T14:00:00+00:00,Newcastle,Watford,1,1,0
2019-08-31T11:30:00+00:00,Southampton,Manchester United,1,1,0
2019-08-31T14:00:00+00:00,West Ham,Norwich,2,0,1
2019-09-15T13:00:00+00:00,Bournemouth,Everton,3,1,1
2019-09-16T19:00:00+00:00,Aston Villa,West Ham,0,0,0
2019-09-14T14:00:00+00:00,Brighton,Burnley,1,1,0
2019-09-14T11:30:00+00:00,Liverpool,Newcastle,3,1,1
2019-09-14T14:00:00+00:00,Manchester United,Leicester,1,0,1
2019-09-14T16:30:00+00:00,Norwich,Manchester City,3,2,1
2019-09-14T14:00:00+00:00,Sheffield Utd,Southampton,0,1,2
2019-09-14T14:00:00+00:00,Tottenham,Crystal Palace,4,0,1
2019-09-15T15:30:00+00:00,Watford,Arsenal,2,2,0
2019-09-14T14:00:00+00:00,Wolves,Chelsea,2,5,2
2019-09-22T15:30:00+00:00,Arsenal,Aston Villa,3,2,1
2019-09-21T14:00:00+00:00,Burnley,Norwich,2,0,1
2019-09-22T15:30:00+00:00,Chelsea,Liverpool,1,2,2
2019-09-22T13:00:00+00:00,Crystal Palace,Wolves,1,1,0
2019-09-21T14:00:00+00:00,Everton,Sheffield Utd,0,2,2
2019-09-21T11:30:00+00:00,Leicester,Tottenham,2,1,1
2019-09-21T14:00:00+00:00,Manchester City,Watford,8,0,1
2019-09-21T16:30:00+00:00,Newcastle,Brighton,0,0,0
2019-09-20T19:00:00+00:00,Southampton,Bournemouth,1,3,2
2019-09-22T13:00:00+00:00,West Ham,Manchester United,2,0,1
2019-09-28T14:00:00+00:00,Bournemouth,West Ham,2,2,0
2019-09-28T14:00:00+00:00,Aston Villa,Burnley,2,2,0
2019-09-28T14:00:00+00:00,Chelsea,Brighton,2,0,1
2019-09-28T14:00:00+00:00,Crystal Palace,Norwich,2,0,1
2019-09-28T16:30:00+00:00,Everton,Manchester City,1,3,2
2019-09-29T15:30:00+00:00,Leicester,Newcastle,5,0,1
2019-09-30T19:00:00+00:00,Manchester United,Arsenal,1,1,0
2019-09-28T11:30:00+00:00,Sheffield Utd,Liverpool,0,1,2
2019-09-28T14:00:00+00:00,Tottenham,Southampton,2,1,1
2019-09-28T14:00:00+00:00,Wolves,Watford,2,0,1
2019-10-06T13:00:00+00:00,Arsenal,Bournemouth,1,0,1
2019-10-05T11:30:00+00:00,Brighton,Tottenham,3,0,1
2019-10-05T14:00:00+00:00,Burnley,Everton,1,0,1
2019-10-05T14:00:00+00:00,Liverpool,Leicester,2,1,1
2019-10-06T13:00:00+00:00,Manchester City,Wolves,0,2,2
2019-10-06T15:30:00+00:00,Newcastle,Manchester United,1,0,1
2019-10-05T14:00:00+00:00,Norwich,Aston Villa,1,5,2
2019-10-06T13:00:00+00:00,Southampton,Chelsea,1,4,2
2019-10-05T14:00:00+00:00,Watford,Sheffield Utd,0,0,0
2019-10-05T16:30:00+00:00,West Ham,Crystal Palace,1,2,2
2019-10-19T14:00:00+00:00,Bournemouth,Norwich,0,0,0
2019-10-19T14:00:00+00:00,Aston Villa,Brighton,2,1,1
2019-10-19T14:00:00+00:00,Chelsea,Newcastle,1,0,1
2019-10-19T16:30:00+00:00,Crystal Palace,Manchester City,0,2,2
2019-10-19T11:30:00+00:00,Everton,West Ham,2,0,1
2019-10-19T14:00:00+00:00,Leicester,Burnley,2,1,1
2019-10-20T15:30:00+00:00,Manchester United,Liverpool,1,1,0
2019-10-21T19:00:00+00:00,Sheffield Utd,Arsenal,1,0,1
2019-10-19T14:00:00+00:00,Tottenham,Watford,1,1,0
2019-10-19T14:00:00+00:00,Wolves,Southampton,1,1,0
2019-10-27T15:30:00+00:00,Arsenal,Crystal Palace,2,2,0
2019-10-26T14:00:00+00:00,Brighton,Everton,3,2,1
2019-10-26T16:30:00+00:00,Burnley,Chelsea,2,4,2
2019-10-27T15:30:00+00:00,Liverpool,Tottenham,2,1,1
2019-10-26T11:30:00+00:00,Manchester City,Aston Villa,3,0,1
2019-10-27T13:00:00+00:00,Newcastle,Wolves,1,1,0
2019-10-27T15:30:00+00:00,Norwich,Manchester United,1,3,2
2019-10-25T19:00:00+00:00,Southampton,Leicester,0,9,2
2019-10-26T14:00:00+00:00,Watford,Bournemouth,0,0,0
2019-10-26T14:00:00+00:00,West Ham,Sheffield Utd,1,1,0
2019-11-02T12:30:00+00:00,Bournemouth,Manchester United,1,0,1
2019-11-02T15:00:00+00:00,Arsenal,Wolves,1,1,0
2019-11-02T15:00:00+00:00,Aston Villa,Liverpool,1,2,2
2019-11-02T15:00:00+00:00,Brighton,Norwich,2,0,1
2019-11-03T14:00:00+00:00,Crystal Palace,Leicester,0,2,2
2019-11-03T16:30:00+00:00,Everton,Tottenham,1,1,0
2019-11-02T15:00:00+00:00,Manchester City,Southampton,2,1,1
2019-11-02T15:00:00+00:00,Sheffield Utd,Burnley,3,0,1
2019-11-02T17:30:00+00:00,Watford,Chelsea,1,2,2
2019-11-02T15:00:00+00:00,West Ham,Newcastle,2,3,2
2019-11-09T15:00:00+00:00,Burnley,West Ham,3,0,1
2019-11-09T12:30:00+00:00,Chelsea,Crystal Palace,2,0,1
2019-11-09T17:30:00+00:00,Leicester,Arsenal,2,0,1
2019-11-10T16:30:00+00:00,Liverpool,Manchester City,3,1,1
2019-11-10T14:00:00+00:00,Manchester United,Brighton,3,1,1
2019-11-09T15:00:00+00:00,Newcastle,Bournemouth,2,1,1
2019-11-08T20:00:00+00:00,Norwich,Watford,0,2,2
2019-11-09T15:00:00+00:00,Southampton,Everton,1,2,2
2019-11-09T15:00:00+00:00,Tottenham,Sheffield Utd,1,1,0
2019-11-10T14:00:00+00:00,Wolves,Aston Villa,2,1,1
2019-11-23T15:00:00+00:00,Bournemouth,Wolves,1,2,2
2019-11-23T15:00:00+00:00,Arsenal,Southampton,2,2,0
2019-11-25T20:00:00+00:00,Aston Villa,Newcastle,2,0,1
2019-11-23T15:00:00+00:00,Brighton,Leicester,0,2,2
2019-11-23T15:00:00+00:00,Crystal Palace,Liverpool,1,2,2
2019-11-23T15:00:00+00:00,Everton,Norwich,0,2,2
2019-11-23T17:30:00+00:00,Manchester City,Chelsea,2,1,1
2019-11-24T16:30:00+00:00,Sheffield Utd,Manchester United,3,3,0
2019-11-23T15:00:00+00:00,Watford,Burnley,0,3,2
2019-11-23T12:30:00+00:00,West Ham,Tottenham,2,3,2
2019-11-30T15:00:00+00:00,Burnley,Crystal Palace,0,2,2
2019-11-30T15:00:00+00:00,Chelsea,West Ham,0,1,2
2019-12-01T16:30:00+00:00,Leicester,Everton,2,1,1
2019-11-30T15:00:00+00:00,Liverpool,Brighton,2,1,1
2019-12-01T16:30:00+00:00,Manchester United,Aston Villa,2,2,0
2019-11-30T12:30:00+00:00,Newcastle,Manchester City,2,2,0
2019-12-01T14:00:00+00:00,Norwich,Arsenal,2,2,0
2019-11-30T17:30:00+00:00,Southampton,Watford,2,1,1
2019-11-30T15:00:00+00:00,Tottenham,Bournemouth,3,2,1
2019-12-01T14:00:00+00:00,Wolves,Sheffield Utd,1,1,0
2019-12-05T20:15:00+00:00,Arsenal,Brighton,1,2,2
2019-12-03T20:15:00+00:00,Burnley,Manchester City,1,4,2
2019-12-04T19:30:00+00:00,Leicester,Watford,2,0,1
2019-12-05T19:30:00+00:00,Sheffield Utd,Newcastle,0,2,2
2019-12-04T19:30:00+00:00,Wolves,West Ham,2,0,1
2019-12-04T19:30:00+00:00,Manchester United,Tottenham,2,1,1
2019-12-04T19:30:00+00:00,Chelsea,Aston Villa,2,1,1
2019-12-04T19:30:00+00:00,Southampton,Norwich,2,1,1
2019-12-03T19:30:00+00:00,Crystal Palace,Bournemouth,1,0,1
2019-12-04T20:15:00+00:00,Liverpool,Everton,5,2,1
2019-12-07T15:00:00+00:00,Bournemouth,Liverpool,0,3,2
2019-12-08T14:00:00+00:00,Aston Villa,Leicester,1,4,2
2019-12-08T16:30:00+00:00,Brighton,Wolves,2,2,0
2019-12-07T12:30:00+00:00,Everton,Chelsea,3,1,1
2019-12-07T17:30:00+00:00,Manchester City,Manchester United,1,2,2
2019-12-08T14:00:00+00:00,Newcastle,Southampton,2,1,1
2019-12-08T14:00:00+00:00,Norwich,Sheffield Utd,1,2,2
2019-12-07T15:00:00+00:00,Tottenham,Burnley,5,0,1
2019-12-07T15:00:00+00:00,Watford,Crystal Palace,0,0,0
2019-12-09T20:00:00+00:00,West Ham,Arsenal,1,3,2
2019-12-15T16:30:00+00:00,Arsenal,Manchester City,0,3,2
2019-12-14T15:00:00+00:00,Burnley,Newcastle,1,0,1
2019-12-14T15:00:00+00:00,Chelsea,Bournemouth,0,1,2
2019-12-16T19:45:00+00:00,Crystal Palace,Brighton,1,1,0
2019-12-14T15:00:00+00:00,Leicester,Norwich,1,1,0
2019-12-14T12:30:00+00:00,Liverpool,Watford,2,0,1
2019-12-15T14:00:00+00:00,Manchester United,Everton,1,1,0
2019-12-14T15:00:00+00:00,Sheffield Utd,Aston Villa,2,0,1
2019-12-14T17:30:00+00:00,Southampton,West Ham,0,1,2
2019-12-15T14:00:00+00:00,Wolves,Tottenham,1,2,2
2019-12-21T15:00:00+00:00,Bournemouth,Burnley,0,1,2
2019-12-21T15:00:00+00:00,Aston Villa,Southampton,1,3,2
2019-12-21T15:00:00+00:00,Brighton,Sheffield Utd,0,1,2
2019-12-21T12:30:00+00:00,Everton,Arsenal,0,0,0
2019-12-21T17:30:00+00:00,Manchester City,Leicester,3,1,1
2019-12-21T15:00:00+00:00,Newcastle,Crystal Palace,1,0,1
2019-12-21T15:00:00+00:00,Norwich,Wolves,1,2,2
2019-12-22T16:30:00+00:00,Tottenham,Chelsea,0,2,2
2019-12-22T14:00:00+00:00,Watford,Manchester United,2,0,1
2019-12-26T15:00:00+00:00,Bournemouth,Arsenal,1,1,0
2019-12-26T15:00:00+00:00,Aston Villa,Norwich,1,0,1
2019-12-26T15:00:00+00:00,Chelsea,Southampton,0,2,2
2019-12-26T15:00:00+00:00,Crystal Palace,West Ham,2,1,1
2019-12-26T15:00:00+00:00,Everton,Burnley,1,0,1
2019-12-26T20:00:00+00:00,Leicester,Liverpool,0,4,2
2019-12-26T17:30:00+00:00,Manchester United,Newcastle,4,1,1
2019-12-26T15:00:00+00:00,Sheffield Utd,Watford,1,1,0
2019-12-26T12:30:00+00:00,Tottenham,Brighton,2,1,1
2019-12-27T19:45:00+00:00,Wolves,Manchester City,3,2,1
2019-12-29T14:00:00+00:00,Arsenal,Chelsea,1,2,2
2019-12-28T12:30:00+00:00,Brighton,Bournemouth,2,0,1
2019-12-28T19:45:00+00:00,Burnley,Manchester United,0,2,2
2019-12-29T16:30:00+00:00,Liverpool,Wolves,1,0,1
2019-12-29T18:00:00+00:00,Manchester City,Sheffield Utd,2,0,1
2019-12-28T15:00:00+00:00,Newcastle,Everton,1,2,2
2019-12-28T17:30:00+00:00,Norwich,Tottenham,2,2,0
2019-12-28T15:00:00+00:00,Southampton,Crystal Palace,1,1,0
2019-12-28T15:00:00+00:00,Watford,Aston Villa,3,0,1
2019-12-28T17:30:00+00:00,West Ham,Leicester,1,2,2
2020-09-12T14:00:00+00:00,Crystal Palace,Southampton,1,0,1
2020-09-12T11:30:00+00:00,Fulham,Arsenal,0,3,2
2020-09-12T16:30:00+00:00,Liverpool,Leeds,4,3,1
2020-09-13T15:30:00+00:00,Tottenham,Everton,0,1,2
2020-09-13T13:00:00+00:00,West Brom,Leicester,0,3,2
2020-09-12T19:00:00+00:00,West Ham,Newcastle,0,2,2
2020-09-14T19:15:00+00:00,Brighton,Chelsea,1,3,2
2020-09-14T17:00:00+00:00,Sheffield Utd,Wolves,0,2,2
2020-09-19T19:00:00+00:00,Arsenal,West Ham,2,1,1
2020-09-21T17:00:00+00:00,Aston Villa,Sheffield Utd,1,0,1
2020-09-20T15:30:00+00:00,Chelsea,Liverpool,0,2,2
2020-09-19T11:30:00+00:00,Everton,West Brom,5,2,1
2020-09-19T14:00:00+00:00,Leeds,Fulham,4,3,1
2020-09-20T18:00:00+00:00,Leicester,Burnley,4,2,1
2020-09-19T16:30:00+00:00,Manchester United,Crystal Palace,1,3,2
2020-09-20T13:00:00+00:00,Newcastle,Brighton,0,3,2
2020-09-20T11:00:00+00:00,Southampton,Tottenham,2,5,2
2020-09-21T19:15:00+00:00,Wolves,Manchester City,1,3,2
2020-09-26T11:30:00+00:00,Brighton,Manchester United,2,3,2
2020-09-26T19:00:00+00:00,Burnley,Southampton,0,1,2
2020-09-26T14:00:00+00:00,Crystal Palace,Everton,1,2,2
2020-09-28T16:45:00+00:00,Fulham,Aston Villa,0,3,2
2020-09-28T19:00:00+00:00,Liverpool,Arsenal,3,1,1
2020-09-27T15:30:00+00:00,Manchester City,Leicester,2,5,2
2020-09-27T11:00:00+00:00,Sheffield Utd,Leeds,0,1,2
2020-09-27T13:00:00+00:00,Tottenham,Newcastle,1,1,0
2020-09-26T16:30:00+00:00,West Brom,Chelsea,3,3,0
2020-09-27T18:00:00+00:00,West Ham,Wolves,4,0,1
2020-10-04T13:00:00+00:00,Arsenal,Sheffield Utd,2,1,1
2020-10-04T18:15:00+00:00,Aston Villa,Liverpool,7,2,1
2020-10-03T11:30:00+00:00,Chelsea,Crystal Palace,4,0,1
2020-10-03T14:00:00+00:00,Everton,Brighton,4,2,1
2020-10-03T16:30:00+00:00,Leeds,Manchester City,1,1,0
2020-10-04T11:00:00+00:00,Leicester,West Ham,0,3,2
2020-10-04T15:30:00+00:00,Manchester United,Tottenham,1,6,2
2020-10-03T19:00:00+00:00,Newcastle,Burnley,3,1,1
2020-10-04T11:00:00+00:00,Southampton,West Brom,2,0,1
2020-10-04T13:00:00+00:00,Wolves,Fulham,1,0,1
2020-10-17T14:00:00+00:00,Chelsea,Southampton,3,3,0
2020-10-18T13:00:00+00:00,Crystal Palace,Brighton,1,1,0
2020-10-17T11:30:00+00:00,Everton,Liverpool,2,2,0
2020-10-19T19:00:00+00:00,Leeds,Wolves,0,1,2
2020-10-18T18:15:00+00:00,Leicester,Aston Villa,0,1,2
2020-10-17T16:30:00+00:00,Manchester City,Arsenal,1,0,1
2020-10-17T19:00:00+00:00,Newcastle,Manchester United,1,4,2
2020-10-18T11:00:00+00:00,Sheffield Utd,Fulham,1,1,0
2020-10-18T15:30:00+00:00,Tottenham,West Ham,3,3,0
2020-10-19T16:30:00+00:00,West Brom,Burnley,0,0,0
2020-10-25T19:15:00+00:00,Arsenal,Leicester,0,1,2
2020-10-23T19:00:00+00:00,Aston Villa,Leeds,0,3,2
2020-10-26T17:30:00+00:00,Brighton,West Brom,1,1,0
2020-10-26T20:00:00+00:00,Burnley,Tottenham,0,1,2
2020-10-24T14:00:00+00:00,Fulham,Crystal Palace,1,2,2
2020-10-24T19:00:00+00:00,Liverpool,Sheffield Utd,2,1,1
2020-10-24T16:30:00+00:00,Manchester United,Chelsea,0,0,0
2020-10-25T14:00:00+00:00,Southampton,Everton,2,0,1
2020-10-24T11:30:00+00:00,West Ham,Manchester City,1,1,0
2020-10-25T16:30:00+00:00,Wolves,Newcastle,1,1,0
2020-11-01T12:00:00+00:00,Aston Villa,Southampton,3,4,2
2020-10-31T15:00:00+00:00,Burnley,Chelsea,0,3,2
2020-11-02T17:30:00+00:00,Fulham,West Brom,2,0,1
2020-11-02T20:00:00+00:00,Leeds,Leicester,1,4,2
2020-10-31T17:30:00+00:00,Liverpool,West Ham,2,1,1
2020-11-01T16:30:00+00:00,Manchester United,Arsenal,0,1,2
2020-11-01T14:00:00+00:00,Newcastle,Everton,2,1,1
2020-10-31T12:30:00+00:00,Sheffield Utd,Manchester City,0,1,2
2020-11-01T19:15:00+00:00,Tottenham,Brighton,2,1,1
2020-10-30T20:00:00+00:00,Wolves,Crystal Palace,2,0,1
2020-11-08T19:15:00+00:00,Arsenal,Aston Villa,0,3,2
2020-11-06T17:30:00+00:00,Brighton,Burnley,0,0,0
2020-11-07T17:30:00+00:00,Chelsea,Sheffield Utd,4,1,1
2020-11-07T15:00:00+00:00,Crystal Palace,Leeds,4,1,1
2020-11-07T12:30:00+00:00,Everton,Manchester United,1,3,2
2020-11-08T14:00:00+00:00,Leicester,Wolves,1,0,1
2020-11-08T16:30:00+00:00,Manchester City,Liverpool,1,1,0
2020-11-06T20:00:00+00:00,Southampton,Newcastle,2,0,1
2020-11-08T12:00:00+00:00,West Brom,Tottenham,0,1,2
2020-11-07T20:00:00+00:00,West Ham,Fulham,1,0,1
2020-11-21T15:00:00+00:00,Aston Villa,Brighton,1,2,2
2020-11-23T17:30:00+00:00,Burnley,Crystal Palace,1,0,1
2020-11-22T12:00:00+00:00,Fulham,Everton,2,3,2
2020-11-22T16:30:00+00:00,Leeds,Arsenal,0,0,0
2020-11-22T19:15:00+00:00,Liverpool,Leicester,3,0,1
2020-11-21T20:00:00+00:00,Manchester United,West Brom,1,0,1
2020-11-21T12:30:00+00:00,Newcastle,Chelsea,0,2,2
2020-11-22T14:00:00+00:00,Sheffield Utd,West Ham,0,1,2
2020-11-21T17:30:00+00:00,Tottenham,Manchester City,2,0,1
2020-11-23T20:00:00+00:00,Wolves,Southampton,1,1,0
2020-11-29T19:15:00+00:00,Arsenal,Wolves,1,2,2
2020-11-28T12:30:00+00:00,Brighton,Liverpool,1,1,0
2020-11-29T16:30:00+00:00,Chelsea,Tottenham,0,0,0
2020-11-27T20:00:00+00:00,Crystal Palace,Newcastle,0,2,2
2020-11-28T17:30:00+00:00,Everton,Leeds,0,1,2
2020-11-30T17:30:00+00:00,Leicester,Fulham,1,2,2
2020-11-28T15:00:00+00:00,Manchester City,Burnley,5,0,1
2020-11-29T14:00:00+00:00,Southampton,Manchester United,2,3,2
2020-11-28T20:00:00+00:00,West Brom,Sheffield Utd,1,0,1
2020-11-30T20:00:00+00:00,West Ham,Aston Villa,2,1,1
2020-12-07T20:00:00+00:00,Brighton,Southampton,1,2,2
2020-12-05T12:30:00+00:00,Burnley,Everton,1,1,0
2020-12-05T20:00:00+00:00,Chelsea,Leeds,3,1,1
2020-12-06T19:15:00+00:00,Liverpool,Wolves,4,0,1
2020-12-05T15:00:00+00:00,Manchester City,Fulham,2,0,1
2020-12-06T14:15:00+00:00,Sheffield Utd,Leicester,1,2,2
2020-12-06T16:30:00+00:00,Tottenham,Arsenal,2,0,1
2020-12-06T12:00:00+00:00,West Brom,Crystal Palace,1,5,2
2020-12-05T17:30:00+00:00,West Ham,Manchester United,1,3,2
2020-12-13T19:15:00+00:00,Arsenal,Burnley,0,1,2
2020-12-13T14:15:00+00:00,Crystal Palace,Tottenham,1,1,0
2020-12-12T20:00:00+00:00,Everton,Chelsea,1,0,1
2020-12-13T16:30:00+00:00,Fulham,Liverpool,1,1,0
2020-12-11T20:00:00+00:00,Leeds,West Ham,1,2,2
2020-12-13T19:15:00+00:00,Leicester,Brighton,3,0,1
2020-12-12T17:30:00+00:00,Manchester United,Manchester City,0,0,0
2020-12-12T15:00:00+00:00,Newcastle,West Brom,2,1,1
2020-12-13T12:00:00+00:00,Southampton,Sheffield Utd,3,0,1
2020-12-12T12:30:00+00:00,Wolves,Aston Villa,0,1,2
2020-12-16T18:00:00+00:00,Arsenal,Southampton,1,1,0
2020-12-17T18:00:00+00:00,Aston Villa,Burnley,0,0,0
2020-12-16T20:00:00+00:00,Fulham,Brighton,0,0,0
2020-12-16T18:00:00+00:00,Leeds,Newcastle,5,2,1
2020-12-16T18:00:00+00:00,Leicester,Everton,0,2,2
2020-12-17T20:00:00+00:00,Sheffield Utd,Manchester United,2,3,2
2020-12-16T20:00:00+00:00,West Ham,Crystal Palace,1,1,0
2020-12-15T18:00:00+00:00,Wolves,Chelsea,2,1,1
2020-12-16T20:00:00+00:00,Liverpool,Tottenham,2,1,1
2020-12-15T20:00:00+00:00,Manchester City,West Brom,1,1,0
2020-12-20T12:00:00+00:00,Brighton,Sheffield Utd,1,1,0
2020-12-21T17:30:00+00:00,Burnley,Wolves,2,1,1
2020-12-21T20:00:00+00:00,Chelsea,West Ham,3,0,1
2020-12-19T12:30:00+00:00,Crystal Palace,Liverpool,0,7,2
2020-12-19T17:30:00+00:00,Everton,Arsenal,2,1,1
2020-12-20T16:30:00+00:00,Manchester United,Leeds,6,2,1
2020-12-19T20:00:00+00:00,Newcastle,Fulham,1,1,0
2020-12-19T15:00:00+00:00,Southampton,Manchester City,0,1,2
2020-12-20T14:15:00+00:00,Tottenham,Leicester,0,2,2
2020-12-20T19:15:00+00:00,West Brom,Aston Villa,0,3,2
2020-12-26T17:30:00+00:00,Arsenal,Chelsea,3,1,1
2020-12-26T15:00:00+00:00,Aston Villa,Crystal Palace,3,0,1
2020-12-26T15:00:00+00:00,Fulham,Southampton,0,0,0
2020-12-27T12:00:00+00:00,Leeds,Burnley,1,0,1
2020-12-26T12:30:00+00:00,Leicester,Manchester United,2,2,0
2020-12-27T16:30:00+00:00,Liverpool,West Brom,1,1,0
2020-12-26T20:00:00+00:00,Manchester City,Newcastle,2,0,1
2020-12-26T20:00:00+00:00,Sheffield Utd,Everton,0,1,2
2020-12-27T14:15:00+00:00,West Ham,Brighton,2,2,0
2020-12-27T19:15:00+00:00,Wolves,Tottenham,1,1,0
2020-12-29T18:00:00+00:00,Brighton,Arsenal,0,1,2
2020-12-29T18:00:00+00:00,Burnley,Sheffield Utd,1,0,1
2020-12-28T17:30:00+00:00,Chelsea,Aston Villa,1,1,0
2020-12-28T15:00:00+00:00,Crystal Palace,Leicester,1,1,0
2020-12-29T20:00:00+00:00,Manchester United,Wolves,1,0,1
2020-12-30T20:00:00+00:00,Newcastle,Liverpool,0,0,0
2020-12-29T18:00:00+00:00,Southampton,West Ham,0,0,0
2020-12-29T18:00:00+00:00,West Brom,Leeds,0,5,2
2021-08-13T19:00:00+00:00,Brentford,Arsenal,2,0,1
2021-08-14T14:00:00+00:00,Burnley,Brighton,1,2,2
2021-08-14T14:00:00+00:00,Chelsea,Crystal Palace,3,0,1
2021-08-14T14:00:00+00:00,Everton,Southampton,3,1,1
2021-08-14T14:00:00+00:00,Leicester,Wolves,1,0,1
2021-08-14T11:30:00+00:00,Manchester United,Leeds,5,1,1
2021-08-15T13:00:00+00:00,Newcastle,West Ham,2,4,2
2021-08-14T16:30:00+00:00,Norwich,Liverpool,0,3,2
2021-08-15T15:30:00+00:00,Tottenham,Manchester City,1,0,1
2021-08-14T14:00:00+00:00,Watford,Aston Villa,3,2,1
2021-08-22T15:30:00+00:00,Arsenal,Chelsea,0,2,2
2021-08-21T14:00:00+00:00,Aston Villa,Newcastle,2,0,1
2021-08-21T16:30:00+00:00,Brighton,Watford,2,0,1
2021-08-21T14:00:00+00:00,Crystal Palace,Brentford,0,0,0
2021-08-21T14:00:00+00:00,Leeds,Everton,2,2,0
2021-08-21T11:30:00+00:00,Liverpool,Burnley,2,0,1
2021-08-21T14:00:00+00:00,Manchester City,Norwich,5,0,1
2021-08-22T13:00:00+00:00,Southampton,Manchester United,1,1,0
2021-08-23T19:00:00+00:00,West Ham,Leicester,4,1,1
2021-08-22T13:00:00+00:00,Wolves,Tottenham,0,1,2
2021-08-28T14:00:00+00:00,Aston Villa,Brentford,1,1,0
2021-08-28T14:00:00+00:00,Brighton,Everton,0,2,2
2021-08-29T13:00:00+00:00,Burnley,Leeds,1,1,0
2021-08-28T16:30:00+00:00,Liverpool,Chelsea,1,1,0
2021-08-28T11:30:00+00:00,Manchester City,Arsenal,5,0,1
2021-08-28T14:00:00+00:00,Newcastle,Southampton,2,2,0
2021-08-28T14:00:00+00:00,Norwich,Leicester,1,2,2
2021-08-29T13:00:00+00:00,Tottenham,Watford,1,0,1
2021-08-28T14:00:00+00:00,West Ham,Crystal Palace,2,2,0
2021-08-29T15:30:00+00:00,Wolves,Manchester United,0,1,2
2021-09-11T14:00:00+00:00,Arsenal,Norwich,1,0,1
2021-09-11T14:00:00+00:00,Brentford,Brighton,0,1,2
2021-09-11T16:30:00+00:00,Chelsea,Aston Villa,3,0,1
2021-09-11T11:30:00+00:00,Crystal Palace,Tottenham,3,0,1
2021-09-13T19:00:00+00:00,Everton,Burnley,3,1,1
2021-09-12T15:30:00+00:00,Leeds,Liverpool,0,3,2
2021-09-11T14:00:00+00:00,Leicester,Manchester City,0,1,2
2021-09-11T14:00:00+00:00,Manchester United,Newcastle,4,1,1
2021-09-11T14:00:00+00:00,Southampton,West Ham,0,0,0
2021-09-11T14:00:00+00:00,Watford,Wolves,0,2,2
2021-09-18T16:30:00+00:00,Aston Villa,Everton,3,0,1
2021-09-19T13:00:00+00:00,Brighton,Leicester,2,1,1
2021-09-18T14:00:00+00:00,Burnley,Arsenal,0,1,2
2021-09-18T14:00:00+00:00,Liverpool,Crystal Palace,3,0,1
2021-09-18T14:00:00+00:00,Manchester City,Southampton,0,0,0
2021-09-17T19:00:00+00:00,Newcastle,Leeds,1,1,0
2021-09-18T14:00:00+00:00,Norwich,Watford,1,3,2
2021-09-19T15:30:00+00:00,Tottenham,Chelsea,0,3,2
2021-09-19T13:00:00+00:00,West Ham,Manchester United,1,2,2
2021-09-18T11:30:00+00:00,Wolves,Brentford,0,2,2
2021-09-26T15:30:00+00:00,Arsenal,Tottenham,3,1,1
2021-09-25T16:30:00+00:00,Brentford,Liverpool,3,3,0
2021-09-25T11:30:00+00:00,Chelsea,Manchester City,0,1,2
2021-09-27T19:00:00+00:00,Crystal Palace,Brighton,1,1,0
2021-09-25T14:00:00+00:00,Everton,Norwich,2,0,1
2021-09-25T14:00:00+00:00,Leeds,West Ham,1,2,2
2021-09-25T14:00:00+00:00,Leicester,Burnley,2,2,0
2021-09-25T11:30:00+00:00,Manchester United,Aston Villa,0,1,2
2021-09-26T13:00:00+00:00,Southampton,Wolves,0,1,2
2021-09-25T14:00:00+00:00,Watford,Newcastle,1,1,0
2021-10-02T16:30:00+00:00,Brighton,Arsenal,0,0,0
2021-10-02T14:00:00+00:00,Burnley,Norwich,0,0,0
2021-10-02T14:00:00+00:00,Chelsea,Southampton,3,1,1
2021-10-03T13:00:00+00:00,Crystal Palace,Leicester,2,2,0
2021-10-02T14:00:00+00:00,Leeds,Watford,1,0,1
2021-10-03T15:30:00+00:00,Liverpool,Manchester City,2,2,0
2021-10-02T11:30:00+00:00,Manchester United,Everton,1,1,0
2021-10-03T13:00:00+00:00,Tottenham,Aston Villa,2,1,1
2021-10-03T13:00:00+00:00,West Ham,Brentford,1,2,2
2021-10-02T14:00:00+00:00,Wolves,Newcastle,2,1,1
2021-10-18T19:00:00+00:00,Arsenal,Crystal Palace,2,2,0
2021-10-16T14:00:00+00:00,Aston Villa,Wolves,2,3,2
2021-10-16T16:30:00+00:00,Brentford,Chelsea,0,1,2
2021-10-17T13:00:00+00:00,Everton,West Ham,0,1,2
2021-10-16T14:00:00+00:00,Leicester,Manchester United,4,2,1
2021-10-16T14:00:00+00:00,Manchester City,Burnley,2,0,1
2021-10-17T15:30:00+00:00,Newcastle,Tottenham,2,3,2
2021-10-16T14:00:00+00:00,Norwich,Brighton,0,0,0
2021-10-16T14:00:00+00:00,Southampton,Leeds,1,0,1
2021-10-16T11:30:00+00:00,Watford,Liverpool,0,5,2
2021-10-22T19:00:00+00:00,Arsenal,Aston Villa,3,1,1
2021-10-24T13:00:00+00:00,Brentford,Leicester,1,2,2
2021-10-23T16:30:00+00:00,Brighton,Manchester City,1,4,2
2021-10-23T11:30:00+00:00,Chelsea,Norwich,7,0,1
2021-10-23T14:00:00+00:00,Crystal Palace,Newcastle,1,1,0
2021-10-23T14:00:00+00:00,Everton,Watford,2,5,2
2021-10-23T14:00:00+00:00,Leeds,Wolves,1,1,0
2021-10-24T15:30:00+00:00,Manchester United,Liverpool,0,5,2
2021-10-23T14:00:00+00:00,Southampton,Burnley,2,2,0
2021-10-24T13:00:00+00:00,West Ham,Tottenham,1,0,1
2021-10-31T16:30:00+00:00,Aston Villa,West Ham,1,4,2
2021-10-30T14:00:00+00:00,Burnley,Brentford,3,1,1
2021-10-30T11:30:00+00:00,Leicester,Arsenal,0,2,2
2021-10-30T14:00:00+00:00,Liverpool,Brighton,2,2,0
2021-10-30T14:00:00+00:00,Manchester City,Crystal Palace,0,2,2
2021-10-30T14:00:00+00:00,Newcastle,Chelsea,0,3,2
2021-10-31T14:00:00+00:00,Norwich,Leeds,1,2,2
2021-10-30T16:30:00+00:00,Tottenham,Manchester United,0,3,2
2021-10-30T14:00:00+00:00,Watford,Southampton,0,1,2
2021-11-01T20:00:00+00:00,Wolves,Everton,2,1,1
2021-11-07T14:00:00+00:00,Arsenal,Watford,1,0,1
2021-11-06T15:00:00+00:00,Brentford,Norwich,1,2,2
2021-11-06T17:30:00+00:00,Brighton,Newcastle,1,1,0
2021-11-06T15:00:00+00:00,Chelsea,Burnley,1,1,0
2021-11-06T15:00:00+00:00,Crystal Palace,Wolves,2,0,1
2021-11-07T14:00:00+00:00,Everton,Tottenham,0,0,0
2021-11-07T14:00:00+00:00,Leeds,Leicester,1,1,0
2021-11-06T12:30:00+00:00,Manchester United,Manchester City,0,2,2
2021-11-05T20:00:00+00:00,Southampton,Aston Villa,1,0,1
2021-11-07T16:30:00+00:00,West Ham,Liverpool,3,2,1
2021-11-20T15:00:00+00:00,Aston Villa,Brighton,2,0,1
2021-11-20T15:00:00+00:00,Burnley,Crystal Palace,3,3,0
2021-11-20T12:30:00+00:00,Leicester,Chelsea,0,3,2
2021-11-20T17:30:00+00:00,Liverpool,Arsenal,4,0,1
2021-11-21T14:00:00+00:00,Manchester City,Everton,3,0,1
2021-11-20T15:00:00+00:00,Newcastle,Brentford,3,3,0
2021-11-20T15:00:00+00:00,Norwich,Southampton,2,1,1
2021-11-21T16:30:00+00:00,Tottenham,Leeds,2,1,1
2021-11-20T15:00:00+00:00,Watford,Manchester United,4,1,1
2021-11-20T15:00:00+00:00,Wolves,West Ham,1,0,1
2021-11-27T12:30:00+00:00,Arsenal,Newcastle,2,0,1
2021-11-28T14:00:00+00:00,Brentford,Everton,1,0,1
2021-11-27T17:30:00+00:00,Brighton,Leeds,0,0,0
2021-11-28T16:30:00+00:00,Chelsea,Manchester United,1,1,0
2021-11-27T15:00:00+00:00,Crystal Palace,Aston Villa,1,2,2
2021-11-28T14:00:00+00:00,Leicester,Watford,4,2,1
2021-11-27T15:00:00+00:00,Liverpool,Southampton,4,0,1
2021-11-28T14:00:00+00:00,Manchester City,West Ham,2,1,1
2021-11-27T15:00:00+00:00,Norwich,Wolves,0,0,0
2021-12-01T20:15:00+00:00,Aston Villa,Manchester City,1,2,2
2021-12-01T20:15:00+00:00,Everton,Liverpool,1,4,2
2021-11-30T20:15:00+00:00,Leeds,Crystal Palace,1,0,1
2021-12-01T19:30:00+00:00,Watford,Chelsea,1,2,2
2021-12-01T19:30:00+00:00,West Ham,Brighton,1,1,0
2021-12-01T19:30:00+00:00,Wolves,Burnley,0,0,0
2021-12-02T20:15:00+00:00,Manchester United,Arsenal,3,2,1
2021-11-30T19:30:00+00:00,Newcastle,Norwich,1,1,0
2021-12-01T19:30:00+00:00,Southampton,Leicester,2,2,0
2021-12-02T19:30:00+00:00,Tottenham,Brentford,2,0,1
2021-12-05T16:30:00+00:00,Aston Villa,Leicester,2,1,1
2021-12-06T20:00:00+00:00,Everton,Arsenal,2,1,1
2021-12-05T14:00:00+00:00,Leeds,Brentford,2,2,0
2021-12-05T14:00:00+00:00,Manchester United,Crystal Palace,1,0,1
2021-12-04T15:00:00+00:00,Newcastle,Burnley,1,0,1
2021-12-04T15:00:00+00:00,Southampton,Brighton,1,1,0
2021-12-05T14:00:00+00:00,Tottenham,Norwich,3,0,1
2021-12-04T17:30:00+00:00,Watford,Manchester City,1,3,2
2021-12-04T12:30:00+00:00,West Ham,Chelsea,3,2,1
2021-12-04T15:00:00+00:00,Wolves,Liverpool,0,1,2
2021-12-11T15:00:00+00:00,Arsenal,Southampton,3,0,1
2021-12-10T20:00:00+00:00,Brentford,Watford,2,1,1
2021-12-12T14:00:00+00:00,Burnley,West Ham,0,0,0
2021-12-11T15:00:00+00:00,Chelsea,Leeds,3,2,1
2021-12-12T16:30:00+00:00,Crystal Palace,Everton,3,1,1
2021-12-12T14:00:00+00:00,Leicester,Newcastle,4,0,1
2021-12-11T15:00:00+00:00,Liverpool,Aston Villa,1,0,1
2021-12-11T12:30:00+00:00,Manchester City,Wolves,1,0,1
2021-12-11T17:30:00+00:00,Norwich,Manchester United,0,1,2
2021-12-15T20:00:00+00:00,Arsenal,West Ham,2,0,1
2021-12-15T19:30:00+00:00,Brighton,Wolves,0,1,2
2021-12-14T19:45:00+00:00,Norwich,Aston Villa,0,2,2
2021-12-15T19:30:00+00:00,Crystal Palace,Southampton,2,2,0
2021-12-16T19:45:00+00:00,Chelsea,Everton,1,1,0
2021-12-16T20:00:00+00:00,Liverpool,Newcastle,3,1,1
2021-12-14T20:00:00+00:00,Manchester City,Leeds,7,0,1
2021-12-18T17:30:00+00:00,Leeds,Arsenal,1,4,2
2021-12-19T14:00:00+00:00,Newcastle,Manchester City,0,4,2
2021-12-19T16:30:00+00:00,Tottenham,Liverpool,2,2,0
2021-12-19T14:00:00+00:00,Wolves,Chelsea,0,0,0
2021-12-26T17:30:00+00:00,Aston Villa,Chelsea,1,3,2
2021-12-26T20:00:00+00:00,Brighton,Brentford,2,0,1
2021-12-26T15:00:00+00:00,Manchester City,Leicester,6,3,1
2021-12-27T20:00:00+00:00,Newcastle,Manchester United,1,1,0
2021-12-26T15:00:00+00:00,Norwich,Arsenal,0,5,2
2021-12-26T15:00:00+00:00,Tottenham,Crystal Palace,3,0,1
2021-12-26T15:00:00+00:00,West Ham,Southampton,2,3,2
2021-12-29T20:15:00+00:00,Brentford,Manchester City,0,1,2
2021-12-29T19:30:00+00:00,Chelsea,Brighton,1,1,0
2021-12-28T15:00:00+00:00,Crystal Palace,Norwich,3,0,1
2021-12-28T20:00:00+00:00,Leicester,Liverpool,1,0,1
2021-12-30T20:15:00+00:00,Manchester United,Burnley,3,1,1
2021-12-28T15:00:00+00:00,Southampton,Tottenham,1,1,0
2021-12-28T15:00:00+00:00,Watford,West Ham,1,4,2
2022-08-05T19:00:00+00:00,Crystal Palace,Arsenal,0,2,2
2022-08-06T11:30:00+00:00,Fulham,Liverpool,2,2,0
2022-08-06T14:00:00+00:00,Bournemouth,Aston Villa,2,0,1
2022-08-06T14:00:00+00:00,Leeds,Wolves,2,1,1
2022-08-07T13:00:00+00:00,Leicester,Brentford,2,2,0
2022-08-06T14:00:00+00:00,Newcastle,Nottingham Forest,2,0,1
2022-08-06T14:00:00+00:00,Tottenham,Southampton,4,1,1
2022-08-06T16:30:00+00:00,Everton,Chelsea,0,1,2
2022-08-07T13:00:00+00:00,Manchester United,Brighton,1,2,2
2022-08-07T15:30:00+00:00,West Ham,Manchester City,0,2,2
2022-08-13T14:00:00+00:00,Arsenal,Leicester,4,2,1
2022-08-13T11:30:00+00:00,Aston Villa,Everton,2,1,1
2022-08-13T16:30:00+00:00,Brentford,Manchester United,4,0,1
2022-08-13T14:00:00+00:00,Brighton,Newcastle,0,0,0
2022-08-14T15:30:00+00:00,Chelsea,Tottenham,2,2,0
2022-08-15T19:00:00+00:00,Liverpool,Crystal Palace,1,1,0
2022-08-13T14:00:00+00:00,Manchester City,Bournemouth,4,0,1
2022-08-14T13:00:00+00:00,Nottingham Forest,West Ham,1,0,1
2022-08-13T14:00:00+00:00,Southampton,Leeds,2,2,0
2022-08-13T14:00:00+00:00,Wolves,Fulham,0,0,0
2022-08-20T16:30:00+00:00,Bournemouth,Arsenal,0,3,2
2022-08-20T14:00:00+00:00,Crystal Palace,Aston Villa,3,1,1
2022-08-20T14:00:00+00:00,Everton,Nottingham Forest,1,1,0
2022-08-20T14:00:00+00:00,Fulham,Brentford,3,2,1
2022-08-21T13:00:00+00:00,Leeds,Chelsea,3,0,1
2022-08-20T14:00:00+00:00,Leicester,Southampton,1,2,2
2022-08-22T19:00:00+00:00,Manchester United,Liverpool,2,1,1
2022-08-21T15:30:00+00:00,Newcastle,Manchester City,3,3,0
2022-08-20T11:30:00+00:00,Tottenham,Wolves,1,0,1
2022-08-21T13:00:00+00:00,West Ham,Brighton,0,2,2
2022-08-27T16:30:00+00:00,Arsenal,Fulham,2,1,1
2022-08-28T13:00:00+00:00,Aston Villa,West Ham,0,1,2
2022-08-27T14:00:00+00:00,Brentford,Everton,1,1,0
2022-08-27T14:00:00+00:00,Brighton,Leeds,1,0,1
2022-08-27T14:00:00+00:00,Chelsea,Leicester,2,1,1
2022-08-27T14:00:00+00:00,Liverpool,Bournemouth,9,0,1
2022-08-27T14:00:00+00:00,Manchester City,Crystal Palace,4,2,1
2022-08-28T15:30:00+00:00,Nottingham Forest,Tottenham,0,2,2
2022-08-27T11:30:00+00:00,Southampton,Manchester United,0,1,2
2022-08-28T13:00:00+00:00,Wolves,Newcastle,1,1,0
2022-08-31T18:30:00+00:00,Bournemouth,Wolves,0,0,0
2022-08-31T18:30:00+00:00,Arsenal,Aston Villa,2,1,1
2022-08-30T18:30:00+00:00,Fulham,Brighton,2,1,1
2022-08-30T19:00:00+00:00,Leeds,Everton,1,1,0
2022-09-01T19:00:00+00:00,Leicester,Manchester United,0,1,2
2022-08-31T18:45:00+00:00,West Ham,Tottenham,1,1,0
2022-08-30T18:30:00+00:00,Crystal Palace,Brentford,1,1,0
2022-08-30T18:45:00+00:00,Southampton,Chelsea,2,1,1
2022-08-31T19:00:00+00:00,Liverpool,Newcastle,2,1,1
2022-08-31T18:30:00+00:00,Manchester City,Nottingham Forest,6,0,1
2022-09-03T16:30:00+00:00,Aston Villa,Manchester City,1,1,0
2022-09-03T14:00:00+00:00,Brentford,Leeds,5,2,1
2022-09-04T13:00:00+00:00,Brighton,Leicester,5,2,1
2022-09-03T14:00:00+00:00,Chelsea,West Ham,2,1,1
2022-09-03T11:30:00+00:00,Everton,Liverpool,0,0,0
2022-09-04T15:30:00+00:00,Manchester United,Arsenal,3,1,1
2022-09-03T14:00:00+00:00,Newcastle,Crystal Palace,0,0,0
2022-09-03T14:00:00+00:00,Nottingham Forest,Bournemouth,2,3,2
2022-09-03T14:00:00+00:00,Tottenham,Fulham,2,1,1
2022-09-03T14:00:00+00:00,Wolves,Southampton,1,0,1
2022-09-16T19:00:00+00:00,Aston Villa,Southampton,1,0,1
2022-09-18T11:00:00+00:00,Brentford,Arsenal,0,3,2
2022-09-18T13:15:00+00:00,Everton,West Ham,1,0,1
2022-09-17T14:00:00+00:00,Newcastle,Bournemouth,1,1,0
2022-09-16T19:00:00+00:00,Nottingham Forest,Fulham,2,3,2
2022-09-17T16:30:00+00:00,Tottenham,Leicester,6,2,1
2022-09-17T11:30:00+00:00,Wolves,Manchester City,0,3,2
2022-10-01T14:00:00+00:00,Bournemouth,Brentford,0,0,0
2022-10-01T11:30:00+00:00,Arsenal,Tottenham,3,1,1
2022-10-01T14:00:00+00:00,Crystal Palace,Chelsea,1,2,2
2022-10-01T14:00:00+00:00,Fulham,Newcastle,1,4,2
2022-10-02T15:30:00+00:00,Leeds,Aston Villa,0,0,0
2022-10-03T19:00:00+00:00,Leicester,Nottingham Forest,4,0,1
2022-10-01T14:00:00+00:00,Liverpool,Brighton,3,3,0
2022-10-02T13:00:00+00:00,Manchester City,Manchester United,6,3,1
2022-10-01T14:00:00+00:00,Southampton,Everton,1,2,2
2022-10-01T16:30:00+00:00,West Ham,Wolves,2,0,1
2022-10-08T14:00:00+00:00,Bournemouth,Leicester,2,1,1
2022-10-09T15:30:00+00:00,Arsenal,Liverpool,3,2,1
2022-10-08T16:30:00+00:00,Brighton,Tottenham,0,1,2
2022-10-08T14:00:00+00:00,Chelsea,Wolves,3,0,1
2022-10-09T13:00:00+00:00,Crystal Palace,Leeds,2,1,1
2022-10-09T18:00:00+00:00,Everton,Manchester United,1,2,2
2022-10-08T14:00:00+00:00,Manchester City,Southampton,4,0,1
2022-10-08T14:00:00+00:00,Newcastle,Brentford,5,1,1
2022-10-10T19:00:00+00:00,Nottingham Forest,Aston Villa,1,1,0
2022-10-09T13:00:00+00:00,West Ham,Fulham,3,1,1
2022-10-16T13:00:00+00:00,Aston Villa,Chelsea,0,2,2
2022-10-14T19:00:00+00:00,Brentford,Brighton,2,0,1
2022-10-15T14:00:00+00:00,Fulham,Bournemouth,2,2,0
2022-10-16T13:00:00+00:00,Leeds,Arsenal,0,1,2
2022-10-15T11:30:00+00:00,Leicester,Crystal Palace,0,0,0
2022-10-16T15:30:00+00:00,Liverpool,Manchester City,1,0,1
2022-10-16T13:00:00+00:00,Manchester United,Newcastle,0,0,0
2022-10-16T13:00:00+00:00,Southampton,West Ham,1,1,0
2022-10-15T16:30:00+00:00,Tottenham,Everton,2,0,1
2022-10-15T14:00:00+00:00,Wolves,Nottingham Forest,1,0,1
2022-10-19T18:30:00+00:00,Bournemouth,Southampton,0,1,2
2022-10-19T18:30:00+00:00,Brentford,Chelsea,0,0,0
2022-10-18T18:30:00+00:00,Brighton,Nottingham Forest,0,0,0
2022-10-20T18:30:00+00:00,Fulham,Aston Villa,3,0,1
2022-10-20T19:15:00+00:00,Leicester,Leeds,2,0,1
2022-10-18T19:15:00+00:00,Crystal Palace,Wolves,2,1,1
2022-10-19T18:30:00+00:00,Newcastle,Everton,1,0,1
2022-10-19T18:30:00+00:00,Liverpool,West Ham,1,0,1
2022-10-19T19:15:00+00:00,Manchester United,Tottenham,2,0,1
2022-10-23T13:00:00+00:00,Aston Villa,Brentford,4,0,1
2022-10-22T16:30:00+00:00,Chelsea,Manchester United,1,1,0
2022-10-22T14:00:00+00:00,Everton,Crystal Palace,3,0,1
2022-10-23T13:00:00+00:00,Leeds,Fulham,2,3,2
2022-10-22T14:00:00+00:00,Manchester City,Brighton,3,1,1
2022-10-22T11:30:00+00:00,Nottingham Forest,Liverpool,1,0,1
2022-10-23T13:00:00+00:00,Southampton,Arsenal,1,1,0
2022-10-23T15:30:00+00:00,Tottenham,Newcastle,1,2,2
2022-10-24T19:00:00+00:00,West Ham,Bournemouth,2,0,1
2022-10-23T13:00:00+00:00,Wolves,Leicester,0,4,2
2022-10-29T14:00:00+00:00,Bournemouth,Tottenham,2,3,2
2022-10-30T14:00:00+00:00,Arsenal,Nottingham Forest,5,0,1
2022-10-29T14:00:00+00:00,Brentford,Wolves,1,1,0
2022-10-29T14:00:00+00:00,Brighton,Chelsea,4,1,1
2022-10-29T14:00:00+00:00,Crystal Palace,Southampton,1,0,1
2022-10-29T16:30:00+00:00,Fulham,Everton,0,0,0
2022-10-29T11:30:00+00:00,Leicester,Manchester City,0,1,2
2022-10-29T18:45:00+00:00,Liverpool,Leeds,1,2,2
2022-10-30T16:15:00+00:00,Manchester United,West Ham,1,0,1
2022-10-29T14:00:00+00:00,Newcastle,Aston Villa,4,0,1
2022-11-06T14:00:00+00:00,Aston Villa,Manchester United,3,1,1
2022-11-06T12:00:00+00:00,Chelsea,Arsenal,0,1,2
2022-11-05T17:30:00+00:00,Everton,Leicester,0,2,2
2022-11-05T15:00:00+00:00,Leeds,Bournemouth,4,3,1
2022-11-05T15:00:00+00:00,Manchester City,Fulham,2,1,1
2022-11-05T15:00:00+00:00,Nottingham Forest,Brentford,2,2,0
2022-11-06T14:00:00+00:00,Southampton,Newcastle,1,4,2
2022-11-06T16:30:00+00:00,Tottenham,Liverpool,1,2,2
2022-11-06T14:00:00+00:00,West Ham,Crystal Palace,1,2,2
2022-11-05T15:00:00+00:00,Wolves,Brighton,2,3,2
2022-11-12T15:00:00+00:00,Bournemouth,Everton,3,0,1
2022-11-13T14:00:00+00:00,Brighton,Aston Villa,1,2,2
2022-11-13T16:30:00+00:00,Fulham,Manchester United,1,2,2
2022-11-12T15:00:00+00:00,Liverpool,Southampton,3,1,1
2022-11-12T12:30:00+00:00,Manchester City,Brentford,1,2,2
2022-11-12T17:30:00+00:00,Newcastle,Chelsea,1,0,1
2022-11-12T15:00:00+00:00,Nottingham Forest,Crystal Palace,1,0,1
2022-11-12T15:00:00+00:00,Tottenham,Leeds,4,3,1
2022-11-12T15:00:00+00:00,West Ham,Leicester,0,2,2
2022-11-12T19:45:00+00:00,Wolves,Arsenal,0,2,2
2022-12-26T20:00:00+00:00,Arsenal,West Ham,3,1,1
2022-12-26T17:30:00+00:00,Aston Villa,Liverpool,1,3,2
2022-12-26T12:30:00+00:00,Brentford,Tottenham,2,2,0
2022-12-27T17:30:00+00:00,Chelsea,Bournemouth,2,0,1
2022-12-26T15:00:00+00:00,Crystal Palace,Fulham,0,3,2
2022-12-26T15:00:00+00:00,Everton,Wolves,1,2,2
2022-12-28T20:00:00+00:00,Leeds,Manchester City,1,3,2
2022-12-26T15:00:00+00:00,Leicester,Newcastle,0,3,2
2022-12-27T20:00:00+00:00,Manchester United,Nottingham Forest,3,0,1
2022-12-26T15:00:00+00:00,Southampton,Brighton,1,3,2
2022-12-31T15:00:00+00:00,Bournemouth,Crystal Palace,0,2,2
2022-12-31T17:30:00+00:00,Brighton,Arsenal,2,4,2
2022-12-31T15:00:00+00:00,Fulham,Southampton,2,1,1
2022-12-30T20:00:00+00:00,Liverpool,Leicester,2,1,1
2022-12-31T15:00:00+00:00,Manchester City,Everton,1,1,0
2022-12-31T15:00:00+00:00,Newcastle,Leeds,0,0,0
2022-12-30T19:45:00+00:00,West Ham,Brentford,0,2,2
2022-12-31T12:30:00+00:00,Wolves,Manchester United,0,1,2
2023-08-11T19:00:00+00:00,Burnley,Manchester City,0,3,2
2023-08-12T11:30:00+00:00,Arsenal,Nottingham Forest,2,1,1
2023-08-12T14:00:00+00:00,Bournemouth,West Ham,1,1,0
2023-08-12T14:00:00+00:00,Brighton,Luton,4,1,1
2023-08-12T14:00:00+00:00,Everton,Fulham,0,1,2
2023-08-12T14:00:00+00:00,Sheffield Utd,Crystal Palace,0,1,2
2023-08-12T16:30:00+00:00,Newcastle,Aston Villa,5,1,1
2023-08-13T13:00:00+00:00,Brentford,Tottenham,2,2,0
2023-08-13T15:30:00+00:00,Chelsea,Liverpool,1,1,0
2023-08-14T19:00:00+00:00,Manchester United,Wolves,1,0,1
2023-08-20T13:00:00+00:00,Aston Villa,Everton,4,0,1
2023-08-21T19:00:00+00:00,Crystal Palace,Arsenal,0,1,2
2023-08-19T14:00:00+00:00,Fulham,Brentford,0,3,2
2023-08-19T14:00:00+00:00,Liverpool,Bournemouth,3,1,1
2023-10-03T18:30:00+00:00,Luton,Burnley,1,2,2
2023-08-19T19:00:00+00:00,Manchester City,Newcastle,1,0,1
2023-08-18T18:45:00+00:00,Nottingham Forest,Sheffield Utd,2,1,1
2023-08-19T16:30:00+00:00,Tottenham,Manchester United,2,0,1
2023-08-20T15:30:00+00:00,West Ham,Chelsea,3,1,1
2023-08-19T14:00:00+00:00,Wolves,Brighton,1,4,2
2023-08-26T11:30:00+00:00,Bournemouth,Tottenham,0,2,2
2023-08-26T14:00:00+00:00,Arsenal,Fulham,2,2,0
2023-08-26T14:00:00+00:00,Brentford,Crystal Palace,1,1,0
2023-08-26T16:30:00+00:00,Brighton,West Ham,1,3,2
2023-08-27T13:00:00+00:00,Burnley,Aston Villa,1,3,2
2023-08-25T19:00:00+00:00,Chelsea,Luton,3,0,1
2023-08-26T14:00:00+00:00,Everton,Wolves,0,1,2
2023-08-26T14:00:00+00:00,Manchester United,Nottingham Forest,3,2,1
2023-08-27T15:30:00+00:00,Newcastle,Liverpool,1,2,2
2023-08-27T13:00:00+00:00,Sheffield Utd,Manchester City,1,2,2
2023-09-03T15:30:00+00:00,Arsenal,Manchester United,3,1,1
2023-09-02T14:00:00+00:00,Brentford,Bournemouth,2,2,0
2023-09-02T16:30:00+00:00,Brighton,Newcastle,3,1,1
2023-09-02T14:00:00+00:00,Burnley,Tottenham,2,5,2
2023-09-02T14:00:00+00:00,Chelsea,Nottingham Forest,0,1,2
2023-09-03T13:00:00+00:00,Crystal Palace,Wolves,3,2,1
2023-09-03T13:00:00+00:00,Liverpool,Aston Villa,3,0,1
2023-09-01T19:00:00+00:00,Luton,West Ham,1,2,2
2023-09-02T14:00:00+00:00,Manchester City,Fulham,5,1,1
2023-09-02T11:30:00+00:00,Sheffield Utd,Everton,2,2,0
2023-09-17T13:00:00+00:00,Bournemouth,Chelsea,0,0,0
2023-09-16T14:00:00+00:00,Aston Villa,Crystal Palace,3,1,1
2023-09-17T15:30:00+00:00,Everton,Arsenal,0,1,2
2023-09-16T14:00:00+00:00,Fulham,Luton,1,0,1
2023-09-16T14:00:00+00:00,Manchester United,Brighton,1,3,2
2023-09-16T16:30:00+00:00,Newcastle,Brentford,1,0,1
2023-09-18T18:45:00+00:00,Nottingham Forest,Burnley,1,1,0
2023-09-16T14:00:00+00:00,Tottenham,Sheffield Utd,2,1,1
2023-09-16T14:00:00+00:00,West Ham,Manchester City,1,3,2
2023-09-16T11:30:00+00:00,Wolves,Liverpool,1,3,2
2023-09-24T13:00:00+00:00,Arsenal,Tottenham,2,2,0
2023-09-23T16:30:00+00:00,Brentford,Everton,1,3,2
2023-09-24T13:00:00+00:00,Brighton,Bournemouth,3,1,1
2023-09-23T19:00:00+00:00,Burnley,Manchester United,0,1,2
2023-09-24T13:00:00+00:00,Chelsea,Aston Villa,0,1,2
2023-09-23T14:00:00+00:00,Crystal Palace,Fulham,0,0,0
2023-09-24T13:00:00+00:00,Liverpool,West Ham,3,1,1
2023-09-23T14:00:00+00:00,Luton,Wolves,1,1,0
2023-09-23T14:00:00+00:00,Manchester City,Nottingham Forest,2,0,1
2023-09-24T15:30:00+00:00,Sheffield Utd,Newcastle,0,8,2
2023-09-30T14:00:00+00:00,Bournemouth,Arsenal,0,4,2
2023-09-30T11:30:00+00:00,Aston Villa,Brighton,6,1,1
2023-09-30T14:00:00+00:00,Everton,Luton,1,2,2
2023-10-02T19:00:00+00:00,Fulham,Chelsea,0,2,2
2023-09-30T14:00:00+00:00,Manchester United,Crystal Palace,0,1,2
2023-09-30T14:00:00+00:00,Newcastle,Burnley,2,0,1
2023-10-01T13:00:00+00:00,Nottingham Forest,Brentford,1,1,0
2023-09-30T16:30:00+00:00,Tottenham,Liverpool,2,1,1
2023-09-30T14:00:00+00:00,West Ham,Sheffield Utd,2,0,1
2023-09-30T14:00:00+00:00,Wolves,Manchester City,2,1,1
2023-10-08T15:30:00+00:00,Arsenal,Manchester City,1,0,1
2023-10-08T13:00:00+00:00,Brighton,Liverpool,2,2,0
2023-10-07T14:00:00+00:00,Burnley,Chelsea,1,4,2
2023-10-07T16:30:00+00:00,Crystal Palace,Nottingham Forest,0,0,0
2023-10-07T14:00:00+00:00,Everton,Bournemouth,3,0,1
2023-10-07T14:00:00+00:00,Fulham,Sheffield Utd,3,1,1
2023-10-07T11:30:00+00:00,Luton,Tottenham,0,1,2
2023-10-07T14:00:00+00:00,Manchester United,Brentford,2,1,1
2023-10-08T13:00:00+00:00,West Ham,Newcastle,2,2,0
2023-10-08T13:00:00+00:00,Wolves,Aston Villa,1,1,0
2023-10-21T14:00:00+00:00,Bournemouth,Wolves,1,2,2
2023-10-22T15:30:00+00:00,Aston Villa,West Ham,4,1,1
2023-10-21T14:00:00+00:00,Brentford,Burnley,3,0,1
2023-10-21T16:30:00+00:00,Chelsea,Arsenal,2,2,0
2023-10-21T11:30:00+00:00,Liverpool,Everton,2,0,1
2023-10-21T14:00:00+00:00,Manchester City,Brighton,2,1,1
2023-10-21T14:00:00+00:00,Newcastle,Crystal Palace,4,0,1
2023-10-21T14:00:00+00:00,Nottingham Forest,Luton,2,2,0
2023-10-21T19:00:00+00:00,Sheffield Utd,Manchester United,1,2,2
2023-10-23T19:00:00+00:00,Tottenham,Fulham,2,0,1
2023-10-28T14:00:00+00:00,Bournemouth,Burnley,2,1,1
2023-10-28T14:00:00+00:00,Arsenal,Sheffield Utd,5,0,1
2023-10-29T14:00:00+00:00,Aston Villa,Luton,3,1,1
2023-10-29T14:00:00+00:00,Brighton,Fulham,1,1,0
2023-10-28T11:30:00+00:00,Chelsea,Brentford,0,2,2
2023-10-27T19:00:00+00:00,Crystal Palace,Tottenham,1,2,2
2023-10-29T14:00:00+00:00,Liverpool,Nottingham Forest,3,0,1
2023-10-29T15:30:00+00:00,Manchester United,Manchester City,0,3,2
2023-10-29T13:00:00+00:00,West Ham,Everton,0,1,2
2023-10-28T16:30:00+00:00,Wolves,Newcastle,2,2,0
2023-11-04T15:00:00+00:00,Brentford,West Ham,3,2,1
2023-11-04T15:00:00+00:00,Burnley,Crystal Palace,0,2,2
2023-11-04T15:00:00+00:00,Everton,Brighton,1,1,0
2023-11-04T12:30:00+00:00,Fulham,Manchester United,0,1,2
2023-11-05T16:30:00+00:00,Luton,Liverpool,1,1,0
2023-11-04T15:00:00+00:00,Manchester City,Bournemouth,6,1,1
2023-11-04T17:30:00+00:00,Newcastle,Arsenal,1,0,1
2023-11-05T14:00:00+00:00,Nottingham Forest,Aston Villa,2,0,1
2023-11-04T15:00:00+00:00,Sheffield Utd,Wolves,2,1,1
2023-11-06T20:00:00+00:00,Tottenham,Chelsea,1,4,2
2023-11-11T17:30:00+00:00,Bournemouth,Newcastle,2,0,1
2023-11-11T15:00:00+00:00,Arsenal,Burnley,3,1,1
2023-11-12T14:00:00+00:00,Aston Villa,Fulham,3,1,1
2023-11-12T14:00:00+00:00,Brighton,Sheffield Utd,1,1,0
2023-11-12T16:30:00+00:00,Chelsea,Manchester City,4,4,0
2023-11-11T15:00:00+00:00,Crystal Palace,Everton,2,3,2
2023-11-12T14:00:00+00:00,Liverpool,Brentford,3,0,1
2023-11-11T15:00:00+00:00,Manchester United,Luton,1,0,1
2023-11-12T14:00:00+00:00,West Ham,Nottingham Forest,3,2,1
2023-11-11T12:30:00+00:00,Wolves,Tottenham,2,1,1
2023-11-25T17:30:00+00:00,Brentford,Arsenal,0,1,2
2023-11-25T15:00:00+00:00,Burnley,West Ham,1,2,2
2023-11-26T16:30:00+00:00,Everton,Manchester United,0,3,2
2023-11-27T20:00:00+00:00,Fulham,Wolves,3,2,1
2023-11-25T15:00:00+00:00,Luton,Crystal Palace,2,1,1
2023-11-25T12:30:00+00:00,Manchester City,Liverpool,1,1,0
2023-11-25T15:00:00+00:00,Newcastle,Chelsea,4,1,1
2023-11-25T15:00:00+00:00,Nottingham Forest,Brighton,2,3,2
2023-11-25T15:00:00+00:00,Sheffield Utd,Bournemouth,1,3,2
2023-11-26T14:00:00+00:00,Tottenham,Aston Villa,1,2,2
2023-12-03T14:00:00+00:00,Bournemouth,Aston Villa,2,2,0
2023-12-02T15:00:00+00:00,Arsenal,Wolves,2,1,1
2023-12-02T15:00:00+00:00,Brentford,Luton,3,1,1
2023-12-02T15:00:00+00:00,Burnley,Sheffield Utd,5,0,1
2023-12-03T14:00:00+00:00,Chelsea,Brighton,3,2,1
2023-12-03T14:00:00+00:00,Liverpool,Fulham,4,3,1
2023-12-03T16:30:00+00:00,Manchester City,Tottenham,3,3,0
2023-12-02T20:00:00+00:00,Newcastle,Manchester United,1,0,1
2023-12-02T17:30:00+00:00,Nottingham Forest,Everton,0,1,2
2023-12-03T14:00:00+00:00,West Ham,Crystal Palace,1,1,0
2023-12-06T20:15:00+00:00,Aston Villa,Manchester City,1,0,1
2023-12-06T19:30:00+00:00,Brighton,Brentford,2,1,1
2023-12-07T19:30:00+00:00,Everton,Newcastle,3,0,1
2023-12-06T19:30:00+00:00,Fulham,Nottingham Forest,5,0,1
2023-12-05T20:15:00+00:00,Luton,Arsenal,3,4,2
2023-12-06T19:30:00+00:00,Sheffield Utd,Liverpool,0,2,2
2023-12-07T20:15:00+00:00,Tottenham,West Ham,1,2,2
2023-12-05T19:30:00+00:00,Wolves,Burnley,1,0,1
2023-12-06T19:30:00+00:00,Crystal Palace,Bournemouth,0,2,2
2023-12-06T20:15:00+00:00,Manchester United,Chelsea,2,1,1
2023-12-09T17:30:00+00:00,Aston Villa,Arsenal,1,0,1
2023-12-09T15:00:00+00:00,Brighton,Burnley,1,1,0
2023-12-09T12:30:00+00:00,Crystal Palace,Liverpool,1,2,2
2023-12-10T14:00:00+00:00,Everton,Chelsea,2,0,1
2023-12-10T14:00:00+00:00,Fulham,West Ham,5,0,1
2023-12-10T14:00:00+00:00,Luton,Manchester City,1,2,2
2023-12-09T15:00:00+00:00,Manchester United,Bournemouth,0,3,2
2023-12-09T15:00:00+00:00,Sheffield Utd,Brentford,1,0,1
2023-12-10T16:30:00+00:00,Tottenham,Newcastle,4,1,1
2023-12-09T15:00:00+00:00,Wolves,Nottingham Forest,1,1,0
2023-12-17T14:00:00+00:00,Arsenal,Brighton,2,0,1
2023-12-17T14:00:00+00:00,Brentford,Aston Villa,1,2,2
2023-12-16T17:30:00+00:00,Burnley,Everton,0,2,2
2023-12-16T15:00:00+00:00,Chelsea,Sheffield Utd,2,0,1
2023-12-17T16:30:00+00:00,Liverpool,Manchester United,0,0,0
2023-12-16T15:00:00+00:00,Manchester City,Crystal Palace,2,2,0
2023-12-16T15:00:00+00:00,Newcastle,Fulham,3,0,1
2023-12-15T20:00:00+00:00,Nottingham Forest,Tottenham,0,2,2
2023-12-17T14:00:00+00:00,West Ham,Wolves,3,0,1
2023-12-22T20:00:00+00:00,Aston Villa,Sheffield Utd,1,1,0
2023-12-21T20:00:00+00:00,Crystal Palace,Brighton,1,1,0
2023-12-23T15:00:00+00:00,Fulham,Burnley,0,2,2
2023-12-23T17:30:00+00:00,Liverpool,Arsenal,1,1,0
2023-12-23T15:00:00+00:00,Luton,Newcastle,1,0,1
2023-12-23T15:00:00+00:00,Nottingham Forest,Bournemouth,2,3,2
2023-12-23T15:00:00+00:00,Tottenham,Everton,2,1,1
2023-12-23T12:30:00+00:00,West Ham,Manchester United,2,0,1
2023-12-24T13:00:00+00:00,Wolves,Chelsea,2,1,1
2023-12-26T15:00:00+00:00,Bournemouth,Fulham,3,0,1
2023-12-28T20:15:00+00:00,Arsenal,West Ham,0,2,2
2023-12-27T19:30:00+00:00,Brentford,Wolves,1,4,2
2023-12-28T19:30:00+00:00,Brighton,Tottenham,4,2,1
2023-12-26T17:30:00+00:00,Burnley,Liverpool,0,2,2
2023-12-27T19:30:00+00:00,Chelsea,Crystal Palace,2,1,1
2023-12-27T20:15:00+00:00,Everton,Manchester City,1,3,2
2023-12-26T20:00:00+00:00,Manchester United,Aston Villa,3,2,1
2023-12-26T12:30:00+00:00,Newcastle,Nottingham Forest,1,3,2
2023-12-26T15:00:00+00:00,Sheffield Utd,Luton,2,3,2
2023-12-30T15:00:00+00:00,Aston Villa,Burnley,3,2,1
2023-12-30T15:00:00+00:00,Crystal Palace,Brentford,3,1,1
2023-12-31T14:00:00+00:00,Fulham,Arsenal,2,1,1
2023-12-30T12:30:00+00:00,Luton,Chelsea,2,3,2
2023-12-30T15:00:00+00:00,Manchester City,Sheffield Utd,2,0,1
2023-12-30T17:30:00+00:00,Nottingham Forest,Manchester United,2,1,1
2023-12-31T14:00:00+00:00,Tottenham,Bournemouth,3,1,1
2023-12-30T15:00:00+00:00,Wolves,Everton,3,0,1
